date,ticker,price
2026-06-23,TICK0001,190.34
2026-06-23,TICK0002,461.28
2026-06-23,TICK0003,372.18
2026-06-23,TICK0004,63.56
2026-06-23,TICK0005,316.26
2026-06-23,TICK0006,51.46
2026-06-23,TICK0007,470.04
2026-06-23,TICK0008,398.13
2026-06-23,TICK0009,209.37
2026-06-23,TICK0010,297.6
2026-06-23,TICK0011,440.74
2026-06-23,TICK0012,409.88
2026-06-23,TICK0013,236.96
2026-06-23,TICK0014,433.83
2026-06-23,TICK0015,454.49
2026-06-23,TICK0016,344.71
2026-06-23,TICK0017,54.47
2026-06-23,TICK0018,275.79
2026-06-23,TICK0019,473.32
2026-06-23,TICK0020,175.02
2026-06-23,TICK0021,237.07
2026-06-23,TICK0022,230.89
2026-06-23,TICK0023,431.39
2026-06-23,TICK0024,191.51
2026-06-23,TICK0025,326.95
2026-06-23,TICK0026,387.62
2026-06-23,TICK0027,470.89
2026-06-23,TICK0028,62.85
2026-06-23,TICK0029,123.93
2026-06-23,TICK0030,440.41
2026-06-23,TICK0031,156.65
2026-06-23,TICK0032,24.79
2026-06-23,TICK0033,392.06
2026-06-23,TICK0034,423.34
2026-06-23,TICK0035,242.43
2026-06-23,TICK0036,406.52
2026-06-23,TICK0037,109.38
2026-06-23,TICK0038,381.88
2026-06-23,TICK0039,476.49
2026-06-23,TICK0040,305.07
2026-06-23,TICK0041,497.19
2026-06-23,TICK0042,483.21
2026-06-23,TICK0043,462.33
2026-06-23,TICK0044,254.43
2026-06-23,TICK0045,19.66
2026-06-23,TICK0046,265.89
2026-06-23,TICK0047,402.63
2026-06-23,TICK0048,362.9
2026-06-23,TICK0049,469.12
2026-06-23,TICK0050,357.31
2026-06-23,TICK0051,230.65
2026-06-23,TICK0052,277.87
2026-06-23,TICK0053,41.37
2026-06-23,TICK0054,318.86
2026-06-23,TICK0055,422.58
2026-06-23,TICK0056,425.73
2026-06-23,TICK0057,384.58
2026-06-23,TICK0058,218.79
2026-06-23,TICK0059,305.2
2026-06-23,TICK0060,345.1
2026-06-23,TICK0061,68.22
2026-06-23,TICK0062,44.01
2026-06-23,TICK0063,276.1
2026-06-23,TICK0064,438.39
2026-06-23,TICK0065,424.24
2026-06-23,TICK0066,41.85
2026-06-23,TICK0067,414.59
2026-06-23,TICK0068,360.1
2026-06-23,TICK0069,78.42
2026-06-23,TICK0070,140.38
2026-06-23,TICK0071,138.7
2026-06-23,TICK0072,317.02
2026-06-23,TICK0073,203.1
2026-06-23,TICK0074,102.57
2026-06-23,TICK0075,196.0
2026-06-23,TICK0076,492.8
2026-06-23,TICK0077,336.38
2026-06-23,TICK0078,146.18
2026-06-23,TICK0079,164.96
2026-06-23,TICK0080,55.03
2026-06-23,TICK0081,408.61
2026-06-23,TICK0082,266.95
2026-06-23,TICK0083,261.26
2026-06-23,TICK0084,78.81
2026-06-23,TICK0085,485.84
2026-06-23,TICK0086,106.03
2026-06-23,TICK0087,166.97
2026-06-23,TICK0088,491.33
2026-06-23,TICK0089,237.04
2026-06-23,TICK0090,298.45
2026-06-23,TICK0091,167.31
2026-06-23,TICK0092,435.12
2026-06-23,TICK0093,117.97
2026-06-23,TICK0094,29.22
2026-06-23,TICK0095,96.77
2026-06-23,TICK0096,47.49
2026-06-23,TICK0097,270.21
2026-06-23,TICK0098,179.2
2026-06-23,TICK0099,89.23
2026-06-23,TICK0100,430.94
2026-06-23,TICK0101,374.17
2026-06-23,TICK0102,295.46
2026-06-23,TICK0103,381.57
2026-06-23,TICK0104,291.38
2026-06-23,TICK0105,352.56
2026-06-23,TICK0106,210.66
2026-06-23,TICK0107,134.77
2026-06-23,TICK0108,449.35
2026-06-23,TICK0109,343.17
2026-06-23,TICK0110,40.36
2026-06-23,TICK0111,415.73
2026-06-23,TICK0112,183.75
2026-06-23,TICK0113,197.02
2026-06-23,TICK0114,201.69
2026-06-23,TICK0115,207.87
2026-06-23,TICK0116,216.52
2026-06-23,TICK0117,216.65
2026-06-23,TICK0118,160.34
2026-06-23,TICK0119,133.77
2026-06-23,TICK0120,418.99
2026-06-23,TICK0121,187.0
2026-06-23,TICK0122,10.0
2026-06-23,TICK0123,172.53
2026-06-23,TICK0124,148.47
2026-06-23,TICK0125,43.02
2026-06-23,TICK0126,456.35
2026-06-23,TICK0127,180.61
2026-06-23,TICK0128,228.04
2026-06-23,TICK0129,107.3
2026-06-23,TICK0130,416.29
2026-06-23,TICK0131,216.48
2026-06-23,TICK0132,17.83
2026-06-23,TICK0133,82.16
2026-06-23,TICK0134,501.71
2026-06-23,TICK0135,347.54
2026-06-23,TICK0136,383.23
2026-06-23,TICK0137,142.97
2026-06-23,TICK0138,352.06
2026-06-23,TICK0139,53.44
2026-06-23,TICK0140,375.31
2026-06-23,TICK0141,14.44
2026-06-23,TICK0142,467.51
2026-06-23,TICK0143,64.69
2026-06-23,TICK0144,325.47
2026-06-23,TICK0145,278.66
2026-06-23,TICK0146,416.07
2026-06-23,TICK0147,451.01
2026-06-23,TICK0148,391.33
2026-06-23,TICK0149,483.21
2026-06-23,TICK0150,272.07
2026-06-23,TICK0151,400.21
2026-06-23,TICK0152,274.79
2026-06-23,TICK0153,125.89
2026-06-23,TICK0154,18.52
2026-06-23,TICK0155,277.03
2026-06-23,TICK0156,247.48
2026-06-23,TICK0157,357.32
2026-06-23,TICK0158,48.47
2026-06-23,TICK0159,283.3
2026-06-23,TICK0160,68.66
2026-06-23,TICK0161,362.52
2026-06-23,TICK0162,361.5
2026-06-23,TICK0163,374.76
2026-06-23,TICK0164,279.86
2026-06-23,TICK0165,495.4
2026-06-23,TICK0166,471.61
2026-06-23,TICK0167,263.75
2026-06-23,TICK0168,362.58
2026-06-23,TICK0169,374.34
2026-06-23,TICK0170,305.58
2026-06-23,TICK0171,347.45
2026-06-23,TICK0172,387.71
2026-06-23,TICK0173,242.23
2026-06-23,TICK0174,52.58
2026-06-23,TICK0175,57.45
2026-06-23,TICK0176,307.18
2026-06-23,TICK0177,465.32
2026-06-23,TICK0178,54.97
2026-06-23,TICK0179,159.42
2026-06-23,TICK0180,378.62
2026-06-23,TICK0181,403.92
2026-06-23,TICK0182,330.34
2026-06-23,TICK0183,455.39
2026-06-23,TICK0184,395.68
2026-06-23,TICK0185,289.88
2026-06-23,TICK0186,227.02
2026-06-23,TICK0187,219.57
2026-06-23,TICK0188,476.53
2026-06-23,TICK0189,93.08
2026-06-23,TICK0190,39.53
2026-06-23,TICK0191,147.18
2026-06-23,TICK0192,321.2
2026-06-23,TICK0193,308.51
2026-06-23,TICK0194,489.5
2026-06-23,TICK0195,10.65
2026-06-23,TICK0196,328.14
2026-06-23,TICK0197,187.61
2026-06-23,TICK0198,188.41
2026-06-23,TICK0199,156.06
2026-06-23,TICK0200,463.4
2026-06-24,TICK0001,191.28
2026-06-24,TICK0002,452.92
2026-06-24,TICK0003,373.91
2026-06-24,TICK0004,62.18
2026-06-24,TICK0005,316.69
2026-06-24,TICK0006,50.92
2026-06-24,TICK0007,475.36
2026-06-24,TICK0008,402.74
2026-06-24,TICK0009,208.42
2026-06-24,TICK0010,300.61
2026-06-24,TICK0011,437.92
2026-06-24,TICK0012,411.39
2026-06-24,TICK0013,243.46
2026-06-24,TICK0014,434.23
2026-06-24,TICK0015,439.78
2026-06-24,TICK0016,345.88
2026-06-24,TICK0017,55.31
2026-06-24,TICK0018,278.09
2026-06-24,TICK0019,484.63
2026-06-24,TICK0020,173.97
2026-06-24,TICK0021,246.52
2026-06-24,TICK0022,229.99
2026-06-24,TICK0023,434.89
2026-06-24,TICK0024,193.29
2026-06-24,TICK0025,329.59
2026-06-24,TICK0026,397.99
2026-06-24,TICK0027,470.41
2026-06-24,TICK0028,62.0
2026-06-24,TICK0029,125.69
2026-06-24,TICK0030,443.85
2026-06-24,TICK0031,157.09
2026-06-24,TICK0032,25.33
2026-06-24,TICK0033,388.78
2026-06-24,TICK0034,419.04
2026-06-24,TICK0035,240.4
2026-06-24,TICK0036,403.99
2026-06-24,TICK0037,108.34
2026-06-24,TICK0038,389.84
2026-06-24,TICK0039,479.39
2026-06-24,TICK0040,305.32
2026-06-24,TICK0041,491.53
2026-06-24,TICK0042,476.63
2026-06-24,TICK0043,462.41
2026-06-24,TICK0044,253.93
2026-06-24,TICK0045,19.43
2026-06-24,TICK0046,263.24
2026-06-24,TICK0047,404.88
2026-06-24,TICK0048,366.17
2026-06-24,TICK0049,461.43
2026-06-24,TICK0050,365.3
2026-06-24,TICK0051,230.52
2026-06-24,TICK0052,275.72
2026-06-24,TICK0053,41.41
2026-06-24,TICK0054,325.05
2026-06-24,TICK0055,424.89
2026-06-24,TICK0056,417.22
2026-06-24,TICK0057,381.61
2026-06-24,TICK0058,212.82
2026-06-24,TICK0059,302.19
2026-06-24,TICK0060,340.56
2026-06-24,TICK0061,68.98
2026-06-24,TICK0062,43.48
2026-06-24,TICK0063,271.27
2026-06-24,TICK0064,435.9
2026-06-24,TICK0065,430.71
2026-06-24,TICK0066,41.67
2026-06-24,TICK0067,423.19
2026-06-24,TICK0068,366.85
2026-06-24,TICK0069,79.39
2026-06-24,TICK0070,143.67
2026-06-24,TICK0071,138.23
2026-06-24,TICK0072,317.18
2026-06-24,TICK0073,203.59
2026-06-24,TICK0074,101.95
2026-06-24,TICK0075,190.98
2026-06-24,TICK0076,498.66
2026-06-24,TICK0077,340.35
2026-06-24,TICK0078,146.1
2026-06-24,TICK0079,161.19
2026-06-24,TICK0080,54.85
2026-06-24,TICK0081,404.09
2026-06-24,TICK0082,261.71
2026-06-24,TICK0083,262.98
2026-06-24,TICK0084,79.6
2026-06-24,TICK0085,481.86
2026-06-24,TICK0086,106.79
2026-06-24,TICK0087,165.48
2026-06-24,TICK0088,489.63
2026-06-24,TICK0089,241.25
2026-06-24,TICK0090,297.84
2026-06-24,TICK0091,165.44
2026-06-24,TICK0092,422.63
2026-06-24,TICK0093,117.23
2026-06-24,TICK0094,28.93
2026-06-24,TICK0095,96.08
2026-06-24,TICK0096,47.22
2026-06-24,TICK0097,262.77
2026-06-24,TICK0098,184.31
2026-06-24,TICK0099,89.32
2026-06-24,TICK0100,433.11
2026-06-24,TICK0101,367.63
2026-06-24,TICK0102,295.35
2026-06-24,TICK0103,380.67
2026-06-24,TICK0104,294.55
2026-06-24,TICK0105,345.67
2026-06-24,TICK0106,208.38
2026-06-24,TICK0107,134.19
2026-06-24,TICK0108,449.44
2026-06-24,TICK0109,347.4
2026-06-24,TICK0110,40.45
2026-06-24,TICK0111,410.63
2026-06-24,TICK0112,187.6
2026-06-24,TICK0113,197.62
2026-06-24,TICK0114,201.08
2026-06-24,TICK0115,207.93
2026-06-24,TICK0116,224.72
2026-06-24,TICK0117,217.34
2026-06-24,TICK0118,162.14
2026-06-24,TICK0119,132.62
2026-06-24,TICK0120,416.6
2026-06-24,TICK0121,183.52
2026-06-24,TICK0122,10.09
2026-06-24,TICK0123,170.52
2026-06-24,TICK0124,144.93
2026-06-24,TICK0125,42.31
2026-06-24,TICK0126,454.96
2026-06-24,TICK0127,180.05
2026-06-24,TICK0128,226.93
2026-06-24,TICK0129,104.31
2026-06-24,TICK0130,411.53
2026-06-24,TICK0131,214.73
2026-06-24,TICK0132,17.94
2026-06-24,TICK0133,81.73
2026-06-24,TICK0134,508.48
2026-06-24,TICK0135,348.12
2026-06-24,TICK0136,382.38
2026-06-24,TICK0137,144.29
2026-06-24,TICK0138,352.18
2026-06-24,TICK0139,52.72
2026-06-24,TICK0140,372.96
2026-06-24,TICK0141,14.24
2026-06-24,TICK0142,472.62
2026-06-24,TICK0143,64.11
2026-06-24,TICK0144,316.02
2026-06-24,TICK0145,277.39
2026-06-24,TICK0146,420.88
2026-06-24,TICK0147,446.08
2026-06-24,TICK0148,395.91
2026-06-24,TICK0149,489.53
2026-06-24,TICK0150,272.77
2026-06-24,TICK0151,402.78
2026-06-24,TICK0152,270.97
2026-06-24,TICK0153,122.88
2026-06-24,TICK0154,18.55
2026-06-24,TICK0155,273.65
2026-06-24,TICK0156,235.74
2026-06-24,TICK0157,355.59
2026-06-24,TICK0158,48.38
2026-06-24,TICK0159,281.26
2026-06-24,TICK0160,67.52
2026-06-24,TICK0161,357.93
2026-06-24,TICK0162,354.04
2026-06-24,TICK0163,380.3
2026-06-24,TICK0164,288.49
2026-06-24,TICK0165,482.12
2026-06-24,TICK0166,479.04
2026-06-24,TICK0167,259.74
2026-06-24,TICK0168,359.07
2026-06-24,TICK0169,371.31
2026-06-24,TICK0170,309.43
2026-06-24,TICK0171,349.56
2026-06-24,TICK0172,383.02
2026-06-24,TICK0173,244.32
2026-06-24,TICK0174,53.53
2026-06-24,TICK0175,57.5
2026-06-24,TICK0176,297.2
2026-06-24,TICK0177,462.65
2026-06-24,TICK0178,54.81
2026-06-24,TICK0179,156.56
2026-06-24,TICK0180,370.16
2026-06-24,TICK0181,396.85
2026-06-24,TICK0182,332.34
2026-06-24,TICK0183,448.32
2026-06-24,TICK0184,403.82
2026-06-24,TICK0185,274.55
2026-06-24,TICK0186,225.01
2026-06-24,TICK0187,221.98
2026-06-24,TICK0188,465.02
2026-06-24,TICK0189,94.07
2026-06-24,TICK0190,40.03
2026-06-24,TICK0191,146.81
2026-06-24,TICK0192,326.48
2026-06-24,TICK0193,304.42
2026-06-24,TICK0194,495.54
2026-06-24,TICK0195,10.48
2026-06-24,TICK0196,332.95
2026-06-24,TICK0197,183.87
2026-06-24,TICK0198,189.35
2026-06-24,TICK0199,157.15
2026-06-24,TICK0200,460.91
2026-06-25,TICK0001,192.12
2026-06-25,TICK0002,454.43
2026-06-25,TICK0003,368.17
2026-06-25,TICK0004,62.47
2026-06-25,TICK0005,314.41
2026-06-25,TICK0006,52.36
2026-06-25,TICK0007,472.22
2026-06-25,TICK0008,398.15
2026-06-25,TICK0009,209.45
2026-06-25,TICK0010,307.82
2026-06-25,TICK0011,435.33
2026-06-25,TICK0012,402.53
2026-06-25,TICK0013,243.11
2026-06-25,TICK0014,431.38
2026-06-25,TICK0015,436.66
2026-06-25,TICK0016,345.37
2026-06-25,TICK0017,54.96
2026-06-25,TICK0018,275.38
2026-06-25,TICK0019,483.86
2026-06-25,TICK0020,175.65
2026-06-25,TICK0021,245.82
2026-06-25,TICK0022,220.73
2026-06-25,TICK0023,440.41
2026-06-25,TICK0024,189.62
2026-06-25,TICK0025,337.67
2026-06-25,TICK0026,394.33
2026-06-25,TICK0027,467.22
2026-06-25,TICK0028,61.08
2026-06-25,TICK0029,124.14
2026-06-25,TICK0030,451.04
2026-06-25,TICK0031,152.85
2026-06-25,TICK0032,25.3
2026-06-25,TICK0033,387.33
2026-06-25,TICK0034,430.04
2026-06-25,TICK0035,243.33
2026-06-25,TICK0036,413.17
2026-06-25,TICK0037,110.1
2026-06-25,TICK0038,389.04
2026-06-25,TICK0039,478.12
2026-06-25,TICK0040,302.17
2026-06-25,TICK0041,481.04
2026-06-25,TICK0042,477.93
2026-06-25,TICK0043,459.83
2026-06-25,TICK0044,249.37
2026-06-25,TICK0045,19.46
2026-06-25,TICK0046,271.25
2026-06-25,TICK0047,408.34
2026-06-25,TICK0048,373.04
2026-06-25,TICK0049,458.38
2026-06-25,TICK0050,359.12
2026-06-25,TICK0051,231.27
2026-06-25,TICK0052,279.06
2026-06-25,TICK0053,41.02
2026-06-25,TICK0054,325.44
2026-06-25,TICK0055,423.04
2026-06-25,TICK0056,418.09
2026-06-25,TICK0057,385.46
2026-06-25,TICK0058,214.5
2026-06-25,TICK0059,301.32
2026-06-25,TICK0060,329.63
2026-06-25,TICK0061,69.88
2026-06-25,TICK0062,44.12
2026-06-25,TICK0063,277.72
2026-06-25,TICK0064,437.75
2026-06-25,TICK0065,445.87
2026-06-25,TICK0066,40.49
2026-06-25,TICK0067,415.94
2026-06-25,TICK0068,367.41
2026-06-25,TICK0069,80.69
2026-06-25,TICK0070,141.03
2026-06-25,TICK0071,137.71
2026-06-25,TICK0072,314.19
2026-06-25,TICK0073,203.94
2026-06-25,TICK0074,97.98
2026-06-25,TICK0075,189.3
2026-06-25,TICK0076,502.18
2026-06-25,TICK0077,346.09
2026-06-25,TICK0078,146.2
2026-06-25,TICK0079,160.71
2026-06-25,TICK0080,54.22
2026-06-25,TICK0081,409.21
2026-06-25,TICK0082,263.66
2026-06-25,TICK0083,259.96
2026-06-25,TICK0084,80.64
2026-06-25,TICK0085,480.55
2026-06-25,TICK0086,107.12
2026-06-25,TICK0087,163.0
2026-06-25,TICK0088,489.44
2026-06-25,TICK0089,243.32
2026-06-25,TICK0090,297.57
2026-06-25,TICK0091,164.52
2026-06-25,TICK0092,420.94
2026-06-25,TICK0093,117.92
2026-06-25,TICK0094,29.06
2026-06-25,TICK0095,98.16
2026-06-25,TICK0096,47.94
2026-06-25,TICK0097,265.89
2026-06-25,TICK0098,185.89
2026-06-25,TICK0099,91.65
2026-06-25,TICK0100,444.6
2026-06-25,TICK0101,375.13
2026-06-25,TICK0102,287.74
2026-06-25,TICK0103,376.15
2026-06-25,TICK0104,304.69
2026-06-25,TICK0105,341.55
2026-06-25,TICK0106,209.14
2026-06-25,TICK0107,135.44
2026-06-25,TICK0108,441.56
2026-06-25,TICK0109,345.52
2026-06-25,TICK0110,40.41
2026-06-25,TICK0111,417.46
2026-06-25,TICK0112,188.89
2026-06-25,TICK0113,195.5
2026-06-25,TICK0114,202.62
2026-06-25,TICK0115,209.22
2026-06-25,TICK0116,218.56
2026-06-25,TICK0117,212.53
2026-06-25,TICK0118,159.77
2026-06-25,TICK0119,131.89
2026-06-25,TICK0120,417.8
2026-06-25,TICK0121,176.06
2026-06-25,TICK0122,10.14
2026-06-25,TICK0123,171.16
2026-06-25,TICK0124,142.32
2026-06-25,TICK0125,41.43
2026-06-25,TICK0126,452.52
2026-06-25,TICK0127,183.31
2026-06-25,TICK0128,230.25
2026-06-25,TICK0129,104.97
2026-06-25,TICK0130,401.19
2026-06-25,TICK0131,220.2
2026-06-25,TICK0132,17.74
2026-06-25,TICK0133,81.24
2026-06-25,TICK0134,508.1
2026-06-25,TICK0135,348.99
2026-06-25,TICK0136,379.68
2026-06-25,TICK0137,142.86
2026-06-25,TICK0138,343.95
2026-06-25,TICK0139,52.43
2026-06-25,TICK0140,364.73
2026-06-25,TICK0141,14.47
2026-06-25,TICK0142,474.32
2026-06-25,TICK0143,64.67
2026-06-25,TICK0144,314.42
2026-06-25,TICK0145,272.14
2026-06-25,TICK0146,412.16
2026-06-25,TICK0147,445.84
2026-06-25,TICK0148,389.81
2026-06-25,TICK0149,486.73
2026-06-25,TICK0150,271.69
2026-06-25,TICK0151,406.73
2026-06-25,TICK0152,272.02
2026-06-25,TICK0153,120.57
2026-06-25,TICK0154,18.84
2026-06-25,TICK0155,276.1
2026-06-25,TICK0156,236.77
2026-06-25,TICK0157,352.06
2026-06-25,TICK0158,49.23
2026-06-25,TICK0159,284.98
2026-06-25,TICK0160,68.21
2026-06-25,TICK0161,355.3
2026-06-25,TICK0162,353.07
2026-06-25,TICK0163,380.85
2026-06-25,TICK0164,289.22
2026-06-25,TICK0165,477.41
2026-06-25,TICK0166,481.54
2026-06-25,TICK0167,260.76
2026-06-25,TICK0168,356.05
2026-06-25,TICK0169,364.98
2026-06-25,TICK0170,314.87
2026-06-25,TICK0171,353.18
2026-06-25,TICK0172,389.37
2026-06-25,TICK0173,247.17
2026-06-25,TICK0174,52.92
2026-06-25,TICK0175,57.31
2026-06-25,TICK0176,294.14
2026-06-25,TICK0177,441.43
2026-06-25,TICK0178,54.79
2026-06-25,TICK0179,153.28
2026-06-25,TICK0180,366.09
2026-06-25,TICK0181,405.56
2026-06-25,TICK0182,338.23
2026-06-25,TICK0183,446.87
2026-06-25,TICK0184,408.51
2026-06-25,TICK0185,276.46
2026-06-25,TICK0186,223.89
2026-06-25,TICK0187,222.73
2026-06-25,TICK0188,478.28
2026-06-25,TICK0189,96.79
2026-06-25,TICK0190,40.14
2026-06-25,TICK0191,146.49
2026-06-25,TICK0192,326.73
2026-06-25,TICK0193,301.89
2026-06-25,TICK0194,499.59
2026-06-25,TICK0195,10.35
2026-06-25,TICK0196,334.26
2026-06-25,TICK0197,185.98
2026-06-25,TICK0198,192.85
2026-06-25,TICK0199,155.39
2026-06-25,TICK0200,450.79
2026-06-26,TICK0001,195.07
2026-06-26,TICK0002,441.17
2026-06-26,TICK0003,367.82
2026-06-26,TICK0004,62.73
2026-06-26,TICK0005,318.82
2026-06-26,TICK0006,52.74
2026-06-26,TICK0007,477.82
2026-06-26,TICK0008,396.82
2026-06-26,TICK0009,204.43
2026-06-26,TICK0010,302.17
2026-06-26,TICK0011,437.12
2026-06-26,TICK0012,394.12
2026-06-26,TICK0013,246.72
2026-06-26,TICK0014,435.5
2026-06-26,TICK0015,445.48
2026-06-26,TICK0016,344.29
2026-06-26,TICK0017,56.28
2026-06-26,TICK0018,277.8
2026-06-26,TICK0019,484.78
2026-06-26,TICK0020,181.67
2026-06-26,TICK0021,246.04
2026-06-26,TICK0022,220.6
2026-06-26,TICK0023,431.74
2026-06-26,TICK0024,194.65
2026-06-26,TICK0025,345.69
2026-06-26,TICK0026,405.13
2026-06-26,TICK0027,473.53
2026-06-26,TICK0028,60.39
2026-06-26,TICK0029,124.47
2026-06-26,TICK0030,459.05
2026-06-26,TICK0031,155.1
2026-06-26,TICK0032,25.73
2026-06-26,TICK0033,385.06
2026-06-26,TICK0034,431.4
2026-06-26,TICK0035,244.03
2026-06-26,TICK0036,418.52
2026-06-26,TICK0037,109.85
2026-06-26,TICK0038,389.85
2026-06-26,TICK0039,482.19
2026-06-26,TICK0040,299.22
2026-06-26,TICK0041,467.33
2026-06-26,TICK0042,467.9
2026-06-26,TICK0043,463.13
2026-06-26,TICK0044,251.66
2026-06-26,TICK0045,19.14
2026-06-26,TICK0046,271.86
2026-06-26,TICK0047,407.13
2026-06-26,TICK0048,373.24
2026-06-26,TICK0049,452.83
2026-06-26,TICK0050,358.14
2026-06-26,TICK0051,230.01
2026-06-26,TICK0052,273.87
2026-06-26,TICK0053,40.99
2026-06-26,TICK0054,329.67
2026-06-26,TICK0055,410.71
2026-06-26,TICK0056,430.33
2026-06-26,TICK0057,383.31
2026-06-26,TICK0058,218.96
2026-06-26,TICK0059,301.41
2026-06-26,TICK0060,326.14
2026-06-26,TICK0061,71.25
2026-06-26,TICK0062,45.2
2026-06-26,TICK0063,278.82
2026-06-26,TICK0064,435.58
2026-06-26,TICK0065,447.24
2026-06-26,TICK0066,40.63
2026-06-26,TICK0067,416.43
2026-06-26,TICK0068,368.57
2026-06-26,TICK0069,79.05
2026-06-26,TICK0070,137.95
2026-06-26,TICK0071,133.95
2026-06-26,TICK0072,316.55
2026-06-26,TICK0073,205.78
2026-06-26,TICK0074,98.3
2026-06-26,TICK0075,189.99
2026-06-26,TICK0076,514.9
2026-06-26,TICK0077,356.2
2026-06-26,TICK0078,144.56
2026-06-26,TICK0079,161.41
2026-06-26,TICK0080,53.67
2026-06-26,TICK0081,403.05
2026-06-26,TICK0082,265.87
2026-06-26,TICK0083,258.89
2026-06-26,TICK0084,80.37
2026-06-26,TICK0085,475.87
2026-06-26,TICK0086,107.65
2026-06-26,TICK0087,164.74
2026-06-26,TICK0088,488.55
2026-06-26,TICK0089,242.78
2026-06-26,TICK0090,295.61
2026-06-26,TICK0091,163.12
2026-06-26,TICK0092,426.36
2026-06-26,TICK0093,117.61
2026-06-26,TICK0094,28.99
2026-06-26,TICK0095,97.28
2026-06-26,TICK0096,47.61
2026-06-26,TICK0097,259.47
2026-06-26,TICK0098,182.2
2026-06-26,TICK0099,92.35
2026-06-26,TICK0100,444.81
2026-06-26,TICK0101,372.54
2026-06-26,TICK0102,294.25
2026-06-26,TICK0103,368.63
2026-06-26,TICK0104,301.93
2026-06-26,TICK0105,345.26
2026-06-26,TICK0106,203.35
2026-06-26,TICK0107,141.09
2026-06-26,TICK0108,444.63
2026-06-26,TICK0109,344.79
2026-06-26,TICK0110,39.69
2026-06-26,TICK0111,420.26
2026-06-26,TICK0112,192.05
2026-06-26,TICK0113,195.57
2026-06-26,TICK0114,201.03
2026-06-26,TICK0115,206.66
2026-06-26,TICK0116,218.5
2026-06-26,TICK0117,212.87
2026-06-26,TICK0118,159.12
2026-06-26,TICK0119,133.34
2026-06-26,TICK0120,425.59
2026-06-26,TICK0121,178.59
2026-06-26,TICK0122,10.16
2026-06-26,TICK0123,167.79
2026-06-26,TICK0124,142.68
2026-06-26,TICK0125,42.26
2026-06-26,TICK0126,447.66
2026-06-26,TICK0127,181.82
2026-06-26,TICK0128,231.89
2026-06-26,TICK0129,106.38
2026-06-26,TICK0130,398.43
2026-06-26,TICK0131,226.34
2026-06-26,TICK0132,17.79
2026-06-26,TICK0133,83.05
2026-06-26,TICK0134,510.05
2026-06-26,TICK0135,348.84
2026-06-26,TICK0136,374.25
2026-06-26,TICK0137,139.52
2026-06-26,TICK0138,351.01
2026-06-26,TICK0139,52.87
2026-06-26,TICK0140,363.67
2026-06-26,TICK0141,14.63
2026-06-26,TICK0142,472.11
2026-06-26,TICK0143,64.54
2026-06-26,TICK0144,304.02
2026-06-26,TICK0145,273.56
2026-06-26,TICK0146,418.75
2026-06-26,TICK0147,449.2
2026-06-26,TICK0148,401.26
2026-06-26,TICK0149,489.16
2026-06-26,TICK0150,277.01
2026-06-26,TICK0151,398.78
2026-06-26,TICK0152,268.8
2026-06-26,TICK0153,118.33
2026-06-26,TICK0154,18.99
2026-06-26,TICK0155,274.63
2026-06-26,TICK0156,237.85
2026-06-26,TICK0157,358.23
2026-06-26,TICK0158,49.63
2026-06-26,TICK0159,277.84
2026-06-26,TICK0160,68.84
2026-06-26,TICK0161,350.01
2026-06-26,TICK0162,358.76
2026-06-26,TICK0163,379.01
2026-06-26,TICK0164,291.0
2026-06-26,TICK0165,463.85
2026-06-26,TICK0166,492.32
2026-06-26,TICK0167,256.92
2026-06-26,TICK0168,358.98
2026-06-26,TICK0169,366.46
2026-06-26,TICK0170,312.55
2026-06-26,TICK0171,351.82
2026-06-26,TICK0172,386.25
2026-06-26,TICK0173,243.58
2026-06-26,TICK0174,52.53
2026-06-26,TICK0175,57.04
2026-06-26,TICK0176,294.92
2026-06-26,TICK0177,446.67
2026-06-26,TICK0178,55.35
2026-06-26,TICK0179,152.99
2026-06-26,TICK0180,362.53
2026-06-26,TICK0181,401.15
2026-06-26,TICK0182,334.62
2026-06-26,TICK0183,453.46
2026-06-26,TICK0184,397.91
2026-06-26,TICK0185,274.58
2026-06-26,TICK0186,216.93
2026-06-26,TICK0187,221.66
2026-06-26,TICK0188,477.2
2026-06-26,TICK0189,93.65
2026-06-26,TICK0190,39.9
2026-06-26,TICK0191,147.0
2026-06-26,TICK0192,332.14
2026-06-26,TICK0193,305.78
2026-06-26,TICK0194,506.12
2026-06-26,TICK0195,10.63
2026-06-26,TICK0196,336.33
2026-06-26,TICK0197,187.1
2026-06-26,TICK0198,193.28
2026-06-26,TICK0199,156.32
2026-06-26,TICK0200,452.62
2026-06-29,TICK0001,193.41
2026-06-29,TICK0002,432.47
2026-06-29,TICK0003,373.26
2026-06-29,TICK0004,62.74
2026-06-29,TICK0005,327.05
2026-06-29,TICK0006,51.81
2026-06-29,TICK0007,485.41
2026-06-29,TICK0008,394.01
2026-06-29,TICK0009,207.37
2026-06-29,TICK0010,311.9
2026-06-29,TICK0011,437.29
2026-06-29,TICK0012,389.95
2026-06-29,TICK0013,241.39
2026-06-29,TICK0014,428.61
2026-06-29,TICK0015,452.13
2026-06-29,TICK0016,347.53
2026-06-29,TICK0017,55.96
2026-06-29,TICK0018,274.67
2026-06-29,TICK0019,480.55
2026-06-29,TICK0020,182.2
2026-06-29,TICK0021,252.67
2026-06-29,TICK0022,219.88
2026-06-29,TICK0023,429.48
2026-06-29,TICK0024,188.61
2026-06-29,TICK0025,340.56
2026-06-29,TICK0026,409.51
2026-06-29,TICK0027,463.64
2026-06-29,TICK0028,60.37
2026-06-29,TICK0029,123.82
2026-06-29,TICK0030,468.65
2026-06-29,TICK0031,154.01
2026-06-29,TICK0032,25.87
2026-06-29,TICK0033,399.01
2026-06-29,TICK0034,427.27
2026-06-29,TICK0035,246.03
2026-06-29,TICK0036,416.41
2026-06-29,TICK0037,110.78
2026-06-29,TICK0038,388.92
2026-06-29,TICK0039,482.04
2026-06-29,TICK0040,292.99
2026-06-29,TICK0041,474.27
2026-06-29,TICK0042,467.21
2026-06-29,TICK0043,460.17
2026-06-29,TICK0044,257.49
2026-06-29,TICK0045,18.86
2026-06-29,TICK0046,270.42
2026-06-29,TICK0047,403.58
2026-06-29,TICK0048,375.04
2026-06-29,TICK0049,447.37
2026-06-29,TICK0050,354.37
2026-06-29,TICK0051,220.15
2026-06-29,TICK0052,275.13
2026-06-29,TICK0053,40.61
2026-06-29,TICK0054,332.13
2026-06-29,TICK0055,409.78
2026-06-29,TICK0056,423.96
2026-06-29,TICK0057,385.34
2026-06-29,TICK0058,218.55
2026-06-29,TICK0059,306.38
2026-06-29,TICK0060,325.18
2026-06-29,TICK0061,71.76
2026-06-29,TICK0062,44.37
2026-06-29,TICK0063,277.96
2026-06-29,TICK0064,439.73
2026-06-29,TICK0065,460.46
2026-06-29,TICK0066,40.64
2026-06-29,TICK0067,411.9
2026-06-29,TICK0068,365.23
2026-06-29,TICK0069,80.9
2026-06-29,TICK0070,138.32
2026-06-29,TICK0071,134.64
2026-06-29,TICK0072,325.18
2026-06-29,TICK0073,209.5
2026-06-29,TICK0074,98.96
2026-06-29,TICK0075,195.17
2026-06-29,TICK0076,514.96
2026-06-29,TICK0077,356.65
2026-06-29,TICK0078,144.09
2026-06-29,TICK0079,165.47
2026-06-29,TICK0080,52.94
2026-06-29,TICK0081,393.36
2026-06-29,TICK0082,268.12
2026-06-29,TICK0083,259.35
2026-06-29,TICK0084,80.43
2026-06-29,TICK0085,473.86
2026-06-29,TICK0086,110.41
2026-06-29,TICK0087,161.01
2026-06-29,TICK0088,491.09
2026-06-29,TICK0089,242.83
2026-06-29,TICK0090,296.53
2026-06-29,TICK0091,166.51
2026-06-29,TICK0092,426.14
2026-06-29,TICK0093,117.75
2026-06-29,TICK0094,28.02
2026-06-29,TICK0095,97.77
2026-06-29,TICK0096,48.08
2026-06-29,TICK0097,254.81
2026-06-29,TICK0098,183.57
2026-06-29,TICK0099,92.18
2026-06-29,TICK0100,446.4
2026-06-29,TICK0101,373.02
2026-06-29,TICK0102,294.49
2026-06-29,TICK0103,378.09
2026-06-29,TICK0104,295.04
2026-06-29,TICK0105,350.88
2026-06-29,TICK0106,205.23
2026-06-29,TICK0107,141.33
2026-06-29,TICK0108,458.63
2026-06-29,TICK0109,348.82
2026-06-29,TICK0110,40.56
2026-06-29,TICK0111,415.89
2026-06-29,TICK0112,193.43
2026-06-29,TICK0113,195.98
2026-06-29,TICK0114,202.62
2026-06-29,TICK0115,203.6
2026-06-29,TICK0116,220.65
2026-06-29,TICK0117,210.62
2026-06-29,TICK0118,162.01
2026-06-29,TICK0119,132.24
2026-06-29,TICK0120,429.52
2026-06-29,TICK0121,178.66
2026-06-29,TICK0122,10.01
2026-06-29,TICK0123,166.16
2026-06-29,TICK0124,140.8
2026-06-29,TICK0125,42.45
2026-06-29,TICK0126,449.9
2026-06-29,TICK0127,182.29
2026-06-29,TICK0128,227.84
2026-06-29,TICK0129,107.34
2026-06-29,TICK0130,386.71
2026-06-29,TICK0131,222.19
2026-06-29,TICK0132,17.92
2026-06-29,TICK0133,82.62
2026-06-29,TICK0134,507.9
2026-06-29,TICK0135,349.26
2026-06-29,TICK0136,373.34
2026-06-29,TICK0137,137.89
2026-06-29,TICK0138,347.86
2026-06-29,TICK0139,52.29
2026-06-29,TICK0140,370.32
2026-06-29,TICK0141,14.84
2026-06-29,TICK0142,476.39
2026-06-29,TICK0143,65.64
2026-06-29,TICK0144,310.33
2026-06-29,TICK0145,271.6
2026-06-29,TICK0146,411.33
2026-06-29,TICK0147,450.31
2026-06-29,TICK0148,390.38
2026-06-29,TICK0149,485.54
2026-06-29,TICK0150,278.82
2026-06-29,TICK0151,397.03
2026-06-29,TICK0152,274.83
2026-06-29,TICK0153,117.84
2026-06-29,TICK0154,19.0
2026-06-29,TICK0155,276.3
2026-06-29,TICK0156,231.87
2026-06-29,TICK0157,350.84
2026-06-29,TICK0158,48.02
2026-06-29,TICK0159,276.58
2026-06-29,TICK0160,68.45
2026-06-29,TICK0161,349.81
2026-06-29,TICK0162,358.55
2026-06-29,TICK0163,396.23
2026-06-29,TICK0164,290.81
2026-06-29,TICK0165,466.93
2026-06-29,TICK0166,485.08
2026-06-29,TICK0167,265.98
2026-06-29,TICK0168,364.62
2026-06-29,TICK0169,374.05
2026-06-29,TICK0170,307.8
2026-06-29,TICK0171,347.69
2026-06-29,TICK0172,378.59
2026-06-29,TICK0173,244.67
2026-06-29,TICK0174,52.14
2026-06-29,TICK0175,54.98
2026-06-29,TICK0176,295.43
2026-06-29,TICK0177,445.61
2026-06-29,TICK0178,56.26
2026-06-29,TICK0179,151.59
2026-06-29,TICK0180,366.7
2026-06-29,TICK0181,407.57
2026-06-29,TICK0182,331.46
2026-06-29,TICK0183,448.27
2026-06-29,TICK0184,394.37
2026-06-29,TICK0185,270.17
2026-06-29,TICK0186,220.14
2026-06-29,TICK0187,226.0
2026-06-29,TICK0188,482.29
2026-06-29,TICK0189,93.57
2026-06-29,TICK0190,38.77
2026-06-29,TICK0191,145.38
2026-06-29,TICK0192,331.86
2026-06-29,TICK0193,309.27
2026-06-29,TICK0194,505.28
2026-06-29,TICK0195,10.66
2026-06-29,TICK0196,348.97
2026-06-29,TICK0197,190.46
2026-06-29,TICK0198,193.04
2026-06-29,TICK0199,152.75
2026-06-29,TICK0200,465.56
2026-06-30,TICK0001,191.93
2026-06-30,TICK0002,433.83
2026-06-30,TICK0003,377.79
2026-06-30,TICK0004,62.53
2026-06-30,TICK0005,331.4
2026-06-30,TICK0006,52.33
2026-06-30,TICK0007,483.02
2026-06-30,TICK0008,394.57
2026-06-30,TICK0009,211.35
2026-06-30,TICK0010,302.83
2026-06-30,TICK0011,443.49
2026-06-30,TICK0012,388.78
2026-06-30,TICK0013,244.28
2026-06-30,TICK0014,427.78
2026-06-30,TICK0015,454.47
2026-06-30,TICK0016,351.55
2026-06-30,TICK0017,55.41
2026-06-30,TICK0018,267.29
2026-06-30,TICK0019,484.89
2026-06-30,TICK0020,182.92
2026-06-30,TICK0021,254.95
2026-06-30,TICK0022,222.22
2026-06-30,TICK0023,429.12
2026-06-30,TICK0024,193.44
2026-06-30,TICK0025,343.23
2026-06-30,TICK0026,406.14
2026-06-30,TICK0027,467.22
2026-06-30,TICK0028,60.59
2026-06-30,TICK0029,124.92
2026-06-30,TICK0030,473.31
2026-06-30,TICK0031,154.34
2026-06-30,TICK0032,26.05
2026-06-30,TICK0033,398.96
2026-06-30,TICK0034,424.26
2026-06-30,TICK0035,241.46
2026-06-30,TICK0036,414.31
2026-06-30,TICK0037,109.27
2026-06-30,TICK0038,389.09
2026-06-30,TICK0039,475.26
2026-06-30,TICK0040,300.73
2026-06-30,TICK0041,482.22
2026-06-30,TICK0042,460.97
2026-06-30,TICK0043,468.32
2026-06-30,TICK0044,262.25
2026-06-30,TICK0045,18.85
2026-06-30,TICK0046,271.22
2026-06-30,TICK0047,395.91
2026-06-30,TICK0048,384.69
2026-06-30,TICK0049,433.41
2026-06-30,TICK0050,344.51
2026-06-30,TICK0051,219.66
2026-06-30,TICK0052,269.58
2026-06-30,TICK0053,40.99
2026-06-30,TICK0054,327.98
2026-06-30,TICK0055,417.89
2026-06-30,TICK0056,419.74
2026-06-30,TICK0057,381.68
2026-06-30,TICK0058,221.72
2026-06-30,TICK0059,303.78
2026-06-30,TICK0060,320.43
2026-06-30,TICK0061,72.69
2026-06-30,TICK0062,43.99
2026-06-30,TICK0063,283.14
2026-06-30,TICK0064,437.38
2026-06-30,TICK0065,458.89
2026-06-30,TICK0066,40.15
2026-06-30,TICK0067,417.48
2026-06-30,TICK0068,363.57
2026-06-30,TICK0069,79.99
2026-06-30,TICK0070,138.45
2026-06-30,TICK0071,135.92
2026-06-30,TICK0072,324.32
2026-06-30,TICK0073,207.68
2026-06-30,TICK0074,99.58
2026-06-30,TICK0075,196.33
2026-06-30,TICK0076,520.22
2026-06-30,TICK0077,353.3
2026-06-30,TICK0078,142.13
2026-06-30,TICK0079,167.3
2026-06-30,TICK0080,52.29
2026-06-30,TICK0081,381.43
2026-06-30,TICK0082,267.14
2026-06-30,TICK0083,253.46
2026-06-30,TICK0084,78.7
2026-06-30,TICK0085,483.52
2026-06-30,TICK0086,112.21
2026-06-30,TICK0087,162.53
2026-06-30,TICK0088,501.74
2026-06-30,TICK0089,238.23
2026-06-30,TICK0090,293.22
2026-06-30,TICK0091,163.7
2026-06-30,TICK0092,417.24
2026-06-30,TICK0093,118.56
2026-06-30,TICK0094,27.14
2026-06-30,TICK0095,97.14
2026-06-30,TICK0096,47.95
2026-06-30,TICK0097,253.95
2026-06-30,TICK0098,179.34
2026-06-30,TICK0099,91.22
2026-06-30,TICK0100,451.13
2026-06-30,TICK0101,371.22
2026-06-30,TICK0102,296.51
2026-06-30,TICK0103,373.26
2026-06-30,TICK0104,286.78
2026-06-30,TICK0105,352.67
2026-06-30,TICK0106,206.19
2026-06-30,TICK0107,139.57
2026-06-30,TICK0108,451.74
2026-06-30,TICK0109,354.18
2026-06-30,TICK0110,41.67
2026-06-30,TICK0111,421.58
2026-06-30,TICK0112,197.38
2026-06-30,TICK0113,193.86
2026-06-30,TICK0114,208.54
2026-06-30,TICK0115,202.77
2026-06-30,TICK0116,221.1
2026-06-30,TICK0117,205.72
2026-06-30,TICK0118,164.21
2026-06-30,TICK0119,133.1
2026-06-30,TICK0120,424.13
2026-06-30,TICK0121,181.51
2026-06-30,TICK0122,9.99
2026-06-30,TICK0123,162.05
2026-06-30,TICK0124,141.92
2026-06-30,TICK0125,41.77
2026-06-30,TICK0126,461.15
2026-06-30,TICK0127,183.89
2026-06-30,TICK0128,228.47
2026-06-30,TICK0129,107.22
2026-06-30,TICK0130,391.14
2026-06-30,TICK0131,218.49
2026-06-30,TICK0132,17.98
2026-06-30,TICK0133,82.7
2026-06-30,TICK0134,518.34
2026-06-30,TICK0135,335.12
2026-06-30,TICK0136,376.17
2026-06-30,TICK0137,138.22
2026-06-30,TICK0138,350.57
2026-06-30,TICK0139,51.32
2026-06-30,TICK0140,361.91
2026-06-30,TICK0141,14.72
2026-06-30,TICK0142,481.35
2026-06-30,TICK0143,66.02
2026-06-30,TICK0144,305.33
2026-06-30,TICK0145,269.68
2026-06-30,TICK0146,413.18
2026-06-30,TICK0147,452.96
2026-06-30,TICK0148,386.96
2026-06-30,TICK0149,479.45
2026-06-30,TICK0150,284.35
2026-06-30,TICK0151,404.26
2026-06-30,TICK0152,273.72
2026-06-30,TICK0153,118.34
2026-06-30,TICK0154,18.91
2026-06-30,TICK0155,273.61
2026-06-30,TICK0156,228.51
2026-06-30,TICK0157,352.49
2026-06-30,TICK0158,47.65
2026-06-30,TICK0159,275.65
2026-06-30,TICK0160,67.42
2026-06-30,TICK0161,348.58
2026-06-30,TICK0162,361.33
2026-06-30,TICK0163,400.03
2026-06-30,TICK0164,287.66
2026-06-30,TICK0165,472.85
2026-06-30,TICK0166,486.16
2026-06-30,TICK0167,264.7
2026-06-30,TICK0168,362.47
2026-06-30,TICK0169,368.52
2026-06-30,TICK0170,308.15
2026-06-30,TICK0171,348.63
2026-06-30,TICK0172,382.78
2026-06-30,TICK0173,245.66
2026-06-30,TICK0174,51.52
2026-06-30,TICK0175,53.92
2026-06-30,TICK0176,296.15
2026-06-30,TICK0177,429.62
2026-06-30,TICK0178,55.64
2026-06-30,TICK0179,151.95
2026-06-30,TICK0180,363.4
2026-06-30,TICK0181,407.43
2026-06-30,TICK0182,317.91
2026-06-30,TICK0183,448.14
2026-06-30,TICK0184,403.72
2026-06-30,TICK0185,270.72
2026-06-30,TICK0186,221.18
2026-06-30,TICK0187,232.66
2026-06-30,TICK0188,476.34
2026-06-30,TICK0189,95.27
2026-06-30,TICK0190,39.61
2026-06-30,TICK0191,143.39
2026-06-30,TICK0192,319.37
2026-06-30,TICK0193,306.18
2026-06-30,TICK0194,509.95
2026-06-30,TICK0195,10.94
2026-06-30,TICK0196,347.6
2026-06-30,TICK0197,188.52
2026-06-30,TICK0198,192.12
2026-06-30,TICK0199,151.74
2026-06-30,TICK0200,459.48
2026-07-01,TICK0001,190.32
2026-07-01,TICK0002,438.72
2026-07-01,TICK0003,386.34
2026-07-01,TICK0004,61.22
2026-07-01,TICK0005,331.51
2026-07-01,TICK0006,51.57
2026-07-01,TICK0007,476.41
2026-07-01,TICK0008,408.35
2026-07-01,TICK0009,212.59
2026-07-01,TICK0010,302.2
2026-07-01,TICK0011,440.09
2026-07-01,TICK0012,390.67
2026-07-01,TICK0013,243.75
2026-07-01,TICK0014,428.64
2026-07-01,TICK0015,454.46
2026-07-01,TICK0016,348.83
2026-07-01,TICK0017,56.58
2026-07-01,TICK0018,260.82
2026-07-01,TICK0019,482.67
2026-07-01,TICK0020,181.69
2026-07-01,TICK0021,255.83
2026-07-01,TICK0022,228.42
2026-07-01,TICK0023,432.33
2026-07-01,TICK0024,194.09
2026-07-01,TICK0025,342.49
2026-07-01,TICK0026,410.07
2026-07-01,TICK0027,460.01
2026-07-01,TICK0028,62.01
2026-07-01,TICK0029,125.97
2026-07-01,TICK0030,472.22
2026-07-01,TICK0031,155.22
2026-07-01,TICK0032,26.28
2026-07-01,TICK0033,402.18
2026-07-01,TICK0034,422.3
2026-07-01,TICK0035,246.49
2026-07-01,TICK0036,412.4
2026-07-01,TICK0037,109.25
2026-07-01,TICK0038,382.77
2026-07-01,TICK0039,469.15
2026-07-01,TICK0040,295.18
2026-07-01,TICK0041,484.5
2026-07-01,TICK0042,455.97
2026-07-01,TICK0043,472.4
2026-07-01,TICK0044,261.46
2026-07-01,TICK0045,18.3
2026-07-01,TICK0046,265.8
2026-07-01,TICK0047,385.67
2026-07-01,TICK0048,386.16
2026-07-01,TICK0049,437.33
2026-07-01,TICK0050,344.16
2026-07-01,TICK0051,222.67
2026-07-01,TICK0052,271.52
2026-07-01,TICK0053,40.56
2026-07-01,TICK0054,324.88
2026-07-01,TICK0055,417.4
2026-07-01,TICK0056,423.06
2026-07-01,TICK0057,376.54
2026-07-01,TICK0058,227.13
2026-07-01,TICK0059,306.03
2026-07-01,TICK0060,319.86
2026-07-01,TICK0061,74.71
2026-07-01,TICK0062,43.98
2026-07-01,TICK0063,278.68
2026-07-01,TICK0064,439.94
2026-07-01,TICK0065,465.53
2026-07-01,TICK0066,40.55
2026-07-01,TICK0067,406.08
2026-07-01,TICK0068,367.0
2026-07-01,TICK0069,80.24
2026-07-01,TICK0070,138.84
2026-07-01,TICK0071,133.73
2026-07-01,TICK0072,327.88
2026-07-01,TICK0073,208.99
2026-07-01,TICK0074,101.45
2026-07-01,TICK0075,197.78
2026-07-01,TICK0076,511.81
2026-07-01,TICK0077,348.05
2026-07-01,TICK0078,144.05
2026-07-01,TICK0079,165.16
2026-07-01,TICK0080,52.25
2026-07-01,TICK0081,384.59
2026-07-01,TICK0082,266.7
2026-07-01,TICK0083,248.12
2026-07-01,TICK0084,78.36
2026-07-01,TICK0085,475.8
2026-07-01,TICK0086,112.55
2026-07-01,TICK0087,165.11
2026-07-01,TICK0088,509.98
2026-07-01,TICK0089,242.25
2026-07-01,TICK0090,288.31
2026-07-01,TICK0091,162.8
2026-07-01,TICK0092,416.99
2026-07-01,TICK0093,117.96
2026-07-01,TICK0094,26.89
2026-07-01,TICK0095,98.25
2026-07-01,TICK0096,48.19
2026-07-01,TICK0097,254.47
2026-07-01,TICK0098,182.29
2026-07-01,TICK0099,91.61
2026-07-01,TICK0100,442.63
2026-07-01,TICK0101,378.43
2026-07-01,TICK0102,300.8
2026-07-01,TICK0103,382.11
2026-07-01,TICK0104,289.9
2026-07-01,TICK0105,351.22
2026-07-01,TICK0106,208.21
2026-07-01,TICK0107,142.57
2026-07-01,TICK0108,449.38
2026-07-01,TICK0109,360.75
2026-07-01,TICK0110,40.63
2026-07-01,TICK0111,425.2
2026-07-01,TICK0112,198.96
2026-07-01,TICK0113,196.84
2026-07-01,TICK0114,211.13
2026-07-01,TICK0115,206.97
2026-07-01,TICK0116,220.77
2026-07-01,TICK0117,209.89
2026-07-01,TICK0118,160.87
2026-07-01,TICK0119,133.79
2026-07-01,TICK0120,440.02
2026-07-01,TICK0121,178.45
2026-07-01,TICK0122,9.66
2026-07-01,TICK0123,164.32
2026-07-01,TICK0124,142.02
2026-07-01,TICK0125,41.5
2026-07-01,TICK0126,462.21
2026-07-01,TICK0127,186.09
2026-07-01,TICK0128,230.82
2026-07-01,TICK0129,107.78
2026-07-01,TICK0130,379.1
2026-07-01,TICK0131,217.63
2026-07-01,TICK0132,17.71
2026-07-01,TICK0133,82.64
2026-07-01,TICK0134,516.89
2026-07-01,TICK0135,336.47
2026-07-01,TICK0136,376.19
2026-07-01,TICK0137,137.83
2026-07-01,TICK0138,342.42
2026-07-01,TICK0139,49.88
2026-07-01,TICK0140,356.26
2026-07-01,TICK0141,14.62
2026-07-01,TICK0142,483.67
2026-07-01,TICK0143,65.41
2026-07-01,TICK0144,311.14
2026-07-01,TICK0145,270.23
2026-07-01,TICK0146,408.03
2026-07-01,TICK0147,446.75
2026-07-01,TICK0148,389.19
2026-07-01,TICK0149,477.5
2026-07-01,TICK0150,283.49
2026-07-01,TICK0151,407.98
2026-07-01,TICK0152,271.45
2026-07-01,TICK0153,119.13
2026-07-01,TICK0154,18.9
2026-07-01,TICK0155,274.7
2026-07-01,TICK0156,238.0
2026-07-01,TICK0157,350.68
2026-07-01,TICK0158,47.26
2026-07-01,TICK0159,278.12
2026-07-01,TICK0160,66.39
2026-07-01,TICK0161,359.87
2026-07-01,TICK0162,359.67
2026-07-01,TICK0163,396.1
2026-07-01,TICK0164,286.91
2026-07-01,TICK0165,471.37
2026-07-01,TICK0166,486.88
2026-07-01,TICK0167,267.32
2026-07-01,TICK0168,367.48
2026-07-01,TICK0169,357.21
2026-07-01,TICK0170,308.71
2026-07-01,TICK0171,356.97
2026-07-01,TICK0172,390.27
2026-07-01,TICK0173,242.69
2026-07-01,TICK0174,51.27
2026-07-01,TICK0175,54.45
2026-07-01,TICK0176,289.94
2026-07-01,TICK0177,420.32
2026-07-01,TICK0178,54.01
2026-07-01,TICK0179,154.73
2026-07-01,TICK0180,358.8
2026-07-01,TICK0181,412.23
2026-07-01,TICK0182,323.62
2026-07-01,TICK0183,441.93
2026-07-01,TICK0184,412.57
2026-07-01,TICK0185,270.17
2026-07-01,TICK0186,218.65
2026-07-01,TICK0187,228.36
2026-07-01,TICK0188,478.63
2026-07-01,TICK0189,95.11
2026-07-01,TICK0190,38.89
2026-07-01,TICK0191,144.13
2026-07-01,TICK0192,318.7
2026-07-01,TICK0193,305.52
2026-07-01,TICK0194,506.64
2026-07-01,TICK0195,11.02
2026-07-01,TICK0196,346.01
2026-07-01,TICK0197,191.38
2026-07-01,TICK0198,191.26
2026-07-01,TICK0199,149.85
2026-07-01,TICK0200,454.24
2026-07-02,TICK0001,187.72
2026-07-02,TICK0002,439.94
2026-07-02,TICK0003,388.38
2026-07-02,TICK0004,60.85
2026-07-02,TICK0005,329.76
2026-07-02,TICK0006,52.19
2026-07-02,TICK0007,472.84
2026-07-02,TICK0008,396.99
2026-07-02,TICK0009,217.9
2026-07-02,TICK0010,304.92
2026-07-02,TICK0011,446.45
2026-07-02,TICK0012,399.39
2026-07-02,TICK0013,238.84
2026-07-02,TICK0014,432.03
2026-07-02,TICK0015,459.98
2026-07-02,TICK0016,345.88
2026-07-02,TICK0017,55.48
2026-07-02,TICK0018,261.06
2026-07-02,TICK0019,480.46
2026-07-02,TICK0020,179.41
2026-07-02,TICK0021,257.58
2026-07-02,TICK0022,232.33
2026-07-02,TICK0023,427.4
2026-07-02,TICK0024,193.85
2026-07-02,TICK0025,346.7
2026-07-02,TICK0026,416.14
2026-07-02,TICK0027,468.92
2026-07-02,TICK0028,61.1
2026-07-02,TICK0029,128.04
2026-07-02,TICK0030,473.35
2026-07-02,TICK0031,154.03
2026-07-02,TICK0032,26.46
2026-07-02,TICK0033,413.0
2026-07-02,TICK0034,425.07
2026-07-02,TICK0035,249.41
2026-07-02,TICK0036,425.33
2026-07-02,TICK0037,112.55
2026-07-02,TICK0038,374.58
2026-07-02,TICK0039,462.32
2026-07-02,TICK0040,292.17
2026-07-02,TICK0041,480.72
2026-07-02,TICK0042,464.52
2026-07-02,TICK0043,476.75
2026-07-02,TICK0044,267.36
2026-07-02,TICK0045,18.87
2026-07-02,TICK0046,261.98
2026-07-02,TICK0047,374.47
2026-07-02,TICK0048,401.3
2026-07-02,TICK0049,439.64
2026-07-02,TICK0050,343.6
2026-07-02,TICK0051,225.31
2026-07-02,TICK0052,271.43
2026-07-02,TICK0053,40.26
2026-07-02,TICK0054,329.97
2026-07-02,TICK0055,403.46
2026-07-02,TICK0056,424.28
2026-07-02,TICK0057,377.14
2026-07-02,TICK0058,231.65
2026-07-02,TICK0059,318.63
2026-07-02,TICK0060,320.29
2026-07-02,TICK0061,73.89
2026-07-02,TICK0062,44.17
2026-07-02,TICK0063,275.08
2026-07-02,TICK0064,439.84
2026-07-02,TICK0065,473.31
2026-07-02,TICK0066,41.13
2026-07-02,TICK0067,405.99
2026-07-02,TICK0068,373.7
2026-07-02,TICK0069,80.07
2026-07-02,TICK0070,139.38
2026-07-02,TICK0071,133.44
2026-07-02,TICK0072,321.59
2026-07-02,TICK0073,204.08
2026-07-02,TICK0074,99.84
2026-07-02,TICK0075,196.13
2026-07-02,TICK0076,508.94
2026-07-02,TICK0077,342.37
2026-07-02,TICK0078,146.32
2026-07-02,TICK0079,169.4
2026-07-02,TICK0080,51.7
2026-07-02,TICK0081,385.73
2026-07-02,TICK0082,268.06
2026-07-02,TICK0083,250.4
2026-07-02,TICK0084,78.32
2026-07-02,TICK0085,470.98
2026-07-02,TICK0086,114.16
2026-07-02,TICK0087,166.47
2026-07-02,TICK0088,500.04
2026-07-02,TICK0089,246.22
2026-07-02,TICK0090,291.06
2026-07-02,TICK0091,163.64
2026-07-02,TICK0092,427.74
2026-07-02,TICK0093,116.22
2026-07-02,TICK0094,27.08
2026-07-02,TICK0095,96.63
2026-07-02,TICK0096,47.37
2026-07-02,TICK0097,250.67
2026-07-02,TICK0098,181.04
2026-07-02,TICK0099,90.38
2026-07-02,TICK0100,454.02
2026-07-02,TICK0101,384.68
2026-07-02,TICK0102,296.25
2026-07-02,TICK0103,377.26
2026-07-02,TICK0104,281.77
2026-07-02,TICK0105,340.15
2026-07-02,TICK0106,211.56
2026-07-02,TICK0107,139.2
2026-07-02,TICK0108,452.28
2026-07-02,TICK0109,354.46
2026-07-02,TICK0110,40.01
2026-07-02,TICK0111,420.09
2026-07-02,TICK0112,198.71
2026-07-02,TICK0113,197.4
2026-07-02,TICK0114,211.02
2026-07-02,TICK0115,203.39
2026-07-02,TICK0116,216.51
2026-07-02,TICK0117,213.65
2026-07-02,TICK0118,161.75
2026-07-02,TICK0119,134.1
2026-07-02,TICK0120,441.86
2026-07-02,TICK0121,178.55
2026-07-02,TICK0122,9.69
2026-07-02,TICK0123,163.61
2026-07-02,TICK0124,137.85
2026-07-02,TICK0125,42.25
2026-07-02,TICK0126,469.21
2026-07-02,TICK0127,187.86
2026-07-02,TICK0128,236.15
2026-07-02,TICK0129,108.08
2026-07-02,TICK0130,379.34
2026-07-02,TICK0131,215.01
2026-07-02,TICK0132,17.76
2026-07-02,TICK0133,82.03
2026-07-02,TICK0134,518.79
2026-07-02,TICK0135,338.98
2026-07-02,TICK0136,378.0
2026-07-02,TICK0137,135.43
2026-07-02,TICK0138,336.43
2026-07-02,TICK0139,49.44
2026-07-02,TICK0140,357.0
2026-07-02,TICK0141,14.23
2026-07-02,TICK0142,477.78
2026-07-02,TICK0143,65.76
2026-07-02,TICK0144,315.62
2026-07-02,TICK0145,267.75
2026-07-02,TICK0146,411.49
2026-07-02,TICK0147,442.88
2026-07-02,TICK0148,392.67
2026-07-02,TICK0149,474.03
2026-07-02,TICK0150,287.53
2026-07-02,TICK0151,405.64
2026-07-02,TICK0152,269.59
2026-07-02,TICK0153,118.25
2026-07-02,TICK0154,18.0
2026-07-02,TICK0155,271.4
2026-07-02,TICK0156,236.96
2026-07-02,TICK0157,352.93
2026-07-02,TICK0158,47.61
2026-07-02,TICK0159,280.74
2026-07-02,TICK0160,66.03
2026-07-02,TICK0161,364.77
2026-07-02,TICK0162,354.19
2026-07-02,TICK0163,394.84
2026-07-02,TICK0164,280.09
2026-07-02,TICK0165,473.49
2026-07-02,TICK0166,479.16
2026-07-02,TICK0167,267.32
2026-07-02,TICK0168,368.23
2026-07-02,TICK0169,363.12
2026-07-02,TICK0170,303.77
2026-07-02,TICK0171,355.39
2026-07-02,TICK0172,405.49
2026-07-02,TICK0173,242.12
2026-07-02,TICK0174,51.87
2026-07-02,TICK0175,55.12
2026-07-02,TICK0176,293.49
2026-07-02,TICK0177,417.74
2026-07-02,TICK0178,54.0
2026-07-02,TICK0179,149.55
2026-07-02,TICK0180,355.58
2026-07-02,TICK0181,412.61
2026-07-02,TICK0182,331.17
2026-07-02,TICK0183,434.17
2026-07-02,TICK0184,418.46
2026-07-02,TICK0185,272.29
2026-07-02,TICK0186,224.92
2026-07-02,TICK0187,230.19
2026-07-02,TICK0188,469.37
2026-07-02,TICK0189,91.79
2026-07-02,TICK0190,38.56
2026-07-02,TICK0191,142.23
2026-07-02,TICK0192,323.84
2026-07-02,TICK0193,303.12
2026-07-02,TICK0194,522.35
2026-07-02,TICK0195,11.15
2026-07-02,TICK0196,346.68
2026-07-02,TICK0197,191.87
2026-07-02,TICK0198,186.86
2026-07-02,TICK0199,151.86
2026-07-02,TICK0200,448.4
2026-07-03,TICK0001,180.4
2026-07-03,TICK0002,439.26
2026-07-03,TICK0003,408.1
2026-07-03,TICK0004,60.54
2026-07-03,TICK0005,333.04
2026-07-03,TICK0006,53.11
2026-07-03,TICK0007,477.97
2026-07-03,TICK0008,401.16
2026-07-03,TICK0009,213.6
2026-07-03,TICK0010,306.27
2026-07-03,TICK0011,444.93
2026-07-03,TICK0012,404.61
2026-07-03,TICK0013,242.59
2026-07-03,TICK0014,436.73
2026-07-03,TICK0015,458.13
2026-07-03,TICK0016,344.52
2026-07-03,TICK0017,53.9
2026-07-03,TICK0018,262.13
2026-07-03,TICK0019,484.47
2026-07-03,TICK0020,181.68
2026-07-03,TICK0021,258.6
2026-07-03,TICK0022,231.44
2026-07-03,TICK0023,426.92
2026-07-03,TICK0024,192.31
2026-07-03,TICK0025,348.77
2026-07-03,TICK0026,420.1
2026-07-03,TICK0027,467.18
2026-07-03,TICK0028,62.01
2026-07-03,TICK0029,126.43
2026-07-03,TICK0030,482.01
2026-07-03,TICK0031,153.75
2026-07-03,TICK0032,26.72
2026-07-03,TICK0033,407.66
2026-07-03,TICK0034,428.49
2026-07-03,TICK0035,250.97
2026-07-03,TICK0036,427.85
2026-07-03,TICK0037,114.2
2026-07-03,TICK0038,383.61
2026-07-03,TICK0039,469.15
2026-07-03,TICK0040,289.08
2026-07-03,TICK0041,469.11
2026-07-03,TICK0042,472.22
2026-07-03,TICK0043,473.21
2026-07-03,TICK0044,268.01
2026-07-03,TICK0045,18.54
2026-07-03,TICK0046,266.75
2026-07-03,TICK0047,377.8
2026-07-03,TICK0048,404.79
2026-07-03,TICK0049,428.52
2026-07-03,TICK0050,351.47
2026-07-03,TICK0051,226.56
2026-07-03,TICK0052,264.91
2026-07-03,TICK0053,40.97
2026-07-03,TICK0054,328.38
2026-07-03,TICK0055,400.52
2026-07-03,TICK0056,426.6
2026-07-03,TICK0057,366.55
2026-07-03,TICK0058,237.4
2026-07-03,TICK0059,320.5
2026-07-03,TICK0060,319.28
2026-07-03,TICK0061,72.86
2026-07-03,TICK0062,43.65
2026-07-03,TICK0063,269.93
2026-07-03,TICK0064,447.35
2026-07-03,TICK0065,470.5
2026-07-03,TICK0066,40.15
2026-07-03,TICK0067,408.12
2026-07-03,TICK0068,373.0
2026-07-03,TICK0069,79.03
2026-07-03,TICK0070,138.94
2026-07-03,TICK0071,133.54
2026-07-03,TICK0072,317.04
2026-07-03,TICK0073,208.34
2026-07-03,TICK0074,100.87
2026-07-03,TICK0075,197.84
2026-07-03,TICK0076,514.35
2026-07-03,TICK0077,348.86
2026-07-03,TICK0078,142.29
2026-07-03,TICK0079,169.54
2026-07-03,TICK0080,52.24
2026-07-03,TICK0081,383.03
2026-07-03,TICK0082,268.46
2026-07-03,TICK0083,249.91
2026-07-03,TICK0084,81.42
2026-07-03,TICK0085,462.21
2026-07-03,TICK0086,112.42
2026-07-03,TICK0087,168.29
2026-07-03,TICK0088,504.81
2026-07-03,TICK0089,241.42
2026-07-03,TICK0090,293.86
2026-07-03,TICK0091,165.84
2026-07-03,TICK0092,435.82
2026-07-03,TICK0093,115.32
2026-07-03,TICK0094,25.97
2026-07-03,TICK0095,97.72
2026-07-03,TICK0096,47.44
2026-07-03,TICK0097,249.68
2026-07-03,TICK0098,180.82
2026-07-03,TICK0099,90.64
2026-07-03,TICK0100,455.49
2026-07-03,TICK0101,387.32
2026-07-03,TICK0102,298.41
2026-07-03,TICK0103,380.31
2026-07-03,TICK0104,280.25
2026-07-03,TICK0105,339.15
2026-07-03,TICK0106,212.76
2026-07-03,TICK0107,136.33
2026-07-03,TICK0108,452.0
2026-07-03,TICK0109,362.11
2026-07-03,TICK0110,39.85
2026-07-03,TICK0111,419.54
2026-07-03,TICK0112,205.52
2026-07-03,TICK0113,199.06
2026-07-03,TICK0114,210.48
2026-07-03,TICK0115,195.41
2026-07-03,TICK0116,217.31
2026-07-03,TICK0117,213.35
2026-07-03,TICK0118,156.98
2026-07-03,TICK0119,131.85
2026-07-03,TICK0120,450.4
2026-07-03,TICK0121,179.16
2026-07-03,TICK0122,9.9
2026-07-03,TICK0123,163.6
2026-07-03,TICK0124,139.23
2026-07-03,TICK0125,42.08
2026-07-03,TICK0126,459.51
2026-07-03,TICK0127,186.96
2026-07-03,TICK0128,239.35
2026-07-03,TICK0129,105.36
2026-07-03,TICK0130,367.59
2026-07-03,TICK0131,215.76
2026-07-03,TICK0132,18.16
2026-07-03,TICK0133,82.14
2026-07-03,TICK0134,527.81
2026-07-03,TICK0135,345.85
2026-07-03,TICK0136,388.36
2026-07-03,TICK0137,131.99
2026-07-03,TICK0138,343.74
2026-07-03,TICK0139,50.9
2026-07-03,TICK0140,351.8
2026-07-03,TICK0141,14.43
2026-07-03,TICK0142,479.86
2026-07-03,TICK0143,64.88
2026-07-03,TICK0144,311.42
2026-07-03,TICK0145,268.19
2026-07-03,TICK0146,411.37
2026-07-03,TICK0147,439.16
2026-07-03,TICK0148,392.16
2026-07-03,TICK0149,470.93
2026-07-03,TICK0150,294.64
2026-07-03,TICK0151,402.08
2026-07-03,TICK0152,272.55
2026-07-03,TICK0153,117.41
2026-07-03,TICK0154,18.06
2026-07-03,TICK0155,276.28
2026-07-03,TICK0156,239.6
2026-07-03,TICK0157,351.2
2026-07-03,TICK0158,45.74
2026-07-03,TICK0159,277.66
2026-07-03,TICK0160,66.69
2026-07-03,TICK0161,370.15
2026-07-03,TICK0162,353.61
2026-07-03,TICK0163,389.73
2026-07-03,TICK0164,289.71
2026-07-03,TICK0165,471.27
2026-07-03,TICK0166,486.13
2026-07-03,TICK0167,262.43
2026-07-03,TICK0168,367.62
2026-07-03,TICK0169,371.66
2026-07-03,TICK0170,303.04
2026-07-03,TICK0171,355.32
2026-07-03,TICK0172,398.28
2026-07-03,TICK0173,236.72
2026-07-03,TICK0174,51.06
2026-07-03,TICK0175,53.61
2026-07-03,TICK0176,294.61
2026-07-03,TICK0177,409.59
2026-07-03,TICK0178,54.25
2026-07-03,TICK0179,153.13
2026-07-03,TICK0180,361.62
2026-07-03,TICK0181,401.31
2026-07-03,TICK0182,328.49
2026-07-03,TICK0183,433.71
2026-07-03,TICK0184,417.44
2026-07-03,TICK0185,272.57
2026-07-03,TICK0186,225.26
2026-07-03,TICK0187,240.91
2026-07-03,TICK0188,472.65
2026-07-03,TICK0189,90.03
2026-07-03,TICK0190,38.77
2026-07-03,TICK0191,139.35
2026-07-03,TICK0192,319.56
2026-07-03,TICK0193,316.33
2026-07-03,TICK0194,516.09
2026-07-03,TICK0195,11.31
2026-07-03,TICK0196,352.33
2026-07-03,TICK0197,197.0
2026-07-03,TICK0198,187.64
2026-07-03,TICK0199,152.95
2026-07-03,TICK0200,453.36
2026-07-06,TICK0001,183.01
2026-07-06,TICK0002,437.37
2026-07-06,TICK0003,402.55
2026-07-06,TICK0004,59.83
2026-07-06,TICK0005,327.0
2026-07-06,TICK0006,52.47
2026-07-06,TICK0007,478.73
2026-07-06,TICK0008,391.53
2026-07-06,TICK0009,219.55
2026-07-06,TICK0010,303.47
2026-07-06,TICK0011,450.72
2026-07-06,TICK0012,403.72
2026-07-06,TICK0013,236.05
2026-07-06,TICK0014,429.45
2026-07-06,TICK0015,446.78
2026-07-06,TICK0016,332.7
2026-07-06,TICK0017,54.67
2026-07-06,TICK0018,258.62
2026-07-06,TICK0019,492.09
2026-07-06,TICK0020,179.39
2026-07-06,TICK0021,254.23
2026-07-06,TICK0022,227.64
2026-07-06,TICK0023,427.19
2026-07-06,TICK0024,193.5
2026-07-06,TICK0025,336.44
2026-07-06,TICK0026,410.29
2026-07-06,TICK0027,468.22
2026-07-06,TICK0028,61.82
2026-07-06,TICK0029,126.66
2026-07-06,TICK0030,476.2
2026-07-06,TICK0031,149.09
2026-07-06,TICK0032,27.26
2026-07-06,TICK0033,407.97
2026-07-06,TICK0034,424.89
2026-07-06,TICK0035,248.43
2026-07-06,TICK0036,430.69
2026-07-06,TICK0037,114.75
2026-07-06,TICK0038,378.81
2026-07-06,TICK0039,464.89
2026-07-06,TICK0040,293.02
2026-07-06,TICK0041,473.17
2026-07-06,TICK0042,476.63
2026-07-06,TICK0043,471.63
2026-07-06,TICK0044,266.71
2026-07-06,TICK0045,18.53
2026-07-06,TICK0046,264.17
2026-07-06,TICK0047,378.72
2026-07-06,TICK0048,394.18
2026-07-06,TICK0049,437.97
2026-07-06,TICK0050,354.86
2026-07-06,TICK0051,222.87
2026-07-06,TICK0052,269.59
2026-07-06,TICK0053,40.51
2026-07-06,TICK0054,326.45
2026-07-06,TICK0055,406.57
2026-07-06,TICK0056,429.81
2026-07-06,TICK0057,364.99
2026-07-06,TICK0058,240.09
2026-07-06,TICK0059,319.69
2026-07-06,TICK0060,316.23
2026-07-06,TICK0061,71.68
2026-07-06,TICK0062,43.93
2026-07-06,TICK0063,266.48
2026-07-06,TICK0064,447.1
2026-07-06,TICK0065,465.32
2026-07-06,TICK0066,39.7
2026-07-06,TICK0067,402.4
2026-07-06,TICK0068,370.55
2026-07-06,TICK0069,77.38
2026-07-06,TICK0070,142.07
2026-07-06,TICK0071,134.74
2026-07-06,TICK0072,319.35
2026-07-06,TICK0073,204.49
2026-07-06,TICK0074,102.7
2026-07-06,TICK0075,198.19
2026-07-06,TICK0076,521.01
2026-07-06,TICK0077,341.0
2026-07-06,TICK0078,140.34
2026-07-06,TICK0079,168.93
2026-07-06,TICK0080,53.41
2026-07-06,TICK0081,372.92
2026-07-06,TICK0082,259.58
2026-07-06,TICK0083,247.73
2026-07-06,TICK0084,80.07
2026-07-06,TICK0085,452.11
2026-07-06,TICK0086,113.11
2026-07-06,TICK0087,170.24
2026-07-06,TICK0088,514.97
2026-07-06,TICK0089,244.61
2026-07-06,TICK0090,290.38
2026-07-06,TICK0091,164.92
2026-07-06,TICK0092,435.5
2026-07-06,TICK0093,117.41
2026-07-06,TICK0094,25.78
2026-07-06,TICK0095,97.91
2026-07-06,TICK0096,45.32
2026-07-06,TICK0097,252.41
2026-07-06,TICK0098,184.45
2026-07-06,TICK0099,91.32
2026-07-06,TICK0100,466.73
2026-07-06,TICK0101,380.7
2026-07-06,TICK0102,297.27
2026-07-06,TICK0103,373.9
2026-07-06,TICK0104,282.15
2026-07-06,TICK0105,341.93
2026-07-06,TICK0106,213.28
2026-07-06,TICK0107,135.14
2026-07-06,TICK0108,445.43
2026-07-06,TICK0109,359.04
2026-07-06,TICK0110,39.28
2026-07-06,TICK0111,416.52
2026-07-06,TICK0112,208.3
2026-07-06,TICK0113,199.31
2026-07-06,TICK0114,209.4
2026-07-06,TICK0115,193.92
2026-07-06,TICK0116,214.88
2026-07-06,TICK0117,216.59
2026-07-06,TICK0118,157.12
2026-07-06,TICK0119,134.3
2026-07-06,TICK0120,449.46
2026-07-06,TICK0121,177.68
2026-07-06,TICK0122,9.68
2026-07-06,TICK0123,165.88
2026-07-06,TICK0124,140.96
2026-07-06,TICK0125,41.87
2026-07-06,TICK0126,460.69
2026-07-06,TICK0127,190.07
2026-07-06,TICK0128,242.13
2026-07-06,TICK0129,105.69
2026-07-06,TICK0130,365.9
2026-07-06,TICK0131,214.74
2026-07-06,TICK0132,18.28
2026-07-06,TICK0133,82.24
2026-07-06,TICK0134,521.76
2026-07-06,TICK0135,347.83
2026-07-06,TICK0136,386.44
2026-07-06,TICK0137,132.17
2026-07-06,TICK0138,342.01
2026-07-06,TICK0139,51.12
2026-07-06,TICK0140,347.69
2026-07-06,TICK0141,14.67
2026-07-06,TICK0142,488.56
2026-07-06,TICK0143,65.81
2026-07-06,TICK0144,306.19
2026-07-06,TICK0145,265.85
2026-07-06,TICK0146,401.61
2026-07-06,TICK0147,437.43
2026-07-06,TICK0148,391.9
2026-07-06,TICK0149,479.25
2026-07-06,TICK0150,300.5
2026-07-06,TICK0151,413.91
2026-07-06,TICK0152,271.95
2026-07-06,TICK0153,117.65
2026-07-06,TICK0154,17.93
2026-07-06,TICK0155,273.89
2026-07-06,TICK0156,237.31
2026-07-06,TICK0157,355.83
2026-07-06,TICK0158,47.5
2026-07-06,TICK0159,275.99
2026-07-06,TICK0160,67.63
2026-07-06,TICK0161,372.84
2026-07-06,TICK0162,355.32
2026-07-06,TICK0163,375.75
2026-07-06,TICK0164,284.4
2026-07-06,TICK0165,476.6
2026-07-06,TICK0166,503.18
2026-07-06,TICK0167,255.01
2026-07-06,TICK0168,366.52
2026-07-06,TICK0169,360.61
2026-07-06,TICK0170,304.91
2026-07-06,TICK0171,363.15
2026-07-06,TICK0172,402.53
2026-07-06,TICK0173,235.53
2026-07-06,TICK0174,51.4
2026-07-06,TICK0175,52.96
2026-07-06,TICK0176,297.91
2026-07-06,TICK0177,414.55
2026-07-06,TICK0178,54.47
2026-07-06,TICK0179,152.22
2026-07-06,TICK0180,361.76
2026-07-06,TICK0181,382.61
2026-07-06,TICK0182,327.3
2026-07-06,TICK0183,434.92
2026-07-06,TICK0184,418.04
2026-07-06,TICK0185,268.05
2026-07-06,TICK0186,221.81
2026-07-06,TICK0187,241.97
2026-07-06,TICK0188,470.22
2026-07-06,TICK0189,90.49
2026-07-06,TICK0190,38.08
2026-07-06,TICK0191,141.95
2026-07-06,TICK0192,317.76
2026-07-06,TICK0193,317.72
2026-07-06,TICK0194,532.49
2026-07-06,TICK0195,11.11
2026-07-06,TICK0196,344.43
2026-07-06,TICK0197,205.27
2026-07-06,TICK0198,187.56
2026-07-06,TICK0199,150.15
2026-07-06,TICK0200,456.5
2026-07-07,TICK0001,185.29
2026-07-07,TICK0002,427.75
2026-07-07,TICK0003,400.22
2026-07-07,TICK0004,59.7
2026-07-07,TICK0005,329.69
2026-07-07,TICK0006,53.24
2026-07-07,TICK0007,483.35
2026-07-07,TICK0008,388.84
2026-07-07,TICK0009,217.19
2026-07-07,TICK0010,302.58
2026-07-07,TICK0011,448.98
2026-07-07,TICK0012,403.68
2026-07-07,TICK0013,229.33
2026-07-07,TICK0014,419.65
2026-07-07,TICK0015,446.83
2026-07-07,TICK0016,325.2
2026-07-07,TICK0017,54.7
2026-07-07,TICK0018,261.15
2026-07-07,TICK0019,475.89
2026-07-07,TICK0020,179.62
2026-07-07,TICK0021,249.17
2026-07-07,TICK0022,236.48
2026-07-07,TICK0023,422.77
2026-07-07,TICK0024,193.42
2026-07-07,TICK0025,334.75
2026-07-07,TICK0026,405.9
2026-07-07,TICK0027,471.21
2026-07-07,TICK0028,61.79
2026-07-07,TICK0029,123.36
2026-07-07,TICK0030,478.93
2026-07-07,TICK0031,150.76
2026-07-07,TICK0032,27.35
2026-07-07,TICK0033,406.4
2026-07-07,TICK0034,424.82
2026-07-07,TICK0035,249.69
2026-07-07,TICK0036,437.44
2026-07-07,TICK0037,114.0
2026-07-07,TICK0038,373.25
2026-07-07,TICK0039,451.65
2026-07-07,TICK0040,291.79
2026-07-07,TICK0041,465.45
2026-07-07,TICK0042,468.91
2026-07-07,TICK0043,463.32
2026-07-07,TICK0044,264.31
2026-07-07,TICK0045,18.86
2026-07-07,TICK0046,260.08
2026-07-07,TICK0047,376.04
2026-07-07,TICK0048,398.71
2026-07-07,TICK0049,449.1
2026-07-07,TICK0050,349.48
2026-07-07,TICK0051,224.24
2026-07-07,TICK0052,266.68
2026-07-07,TICK0053,39.63
2026-07-07,TICK0054,321.84
2026-07-07,TICK0055,409.98
2026-07-07,TICK0056,433.99
2026-07-07,TICK0057,356.27
2026-07-07,TICK0058,240.41
2026-07-07,TICK0059,316.02
2026-07-07,TICK0060,317.09
2026-07-07,TICK0061,71.4
2026-07-07,TICK0062,43.63
2026-07-07,TICK0063,266.78
2026-07-07,TICK0064,435.3
2026-07-07,TICK0065,473.41
2026-07-07,TICK0066,39.25
2026-07-07,TICK0067,398.7
2026-07-07,TICK0068,370.63
2026-07-07,TICK0069,75.37
2026-07-07,TICK0070,138.69
2026-07-07,TICK0071,134.77
2026-07-07,TICK0072,326.52
2026-07-07,TICK0073,202.36
2026-07-07,TICK0074,99.98
2026-07-07,TICK0075,193.51
2026-07-07,TICK0076,518.81
2026-07-07,TICK0077,347.3
2026-07-07,TICK0078,137.22
2026-07-07,TICK0079,168.13
2026-07-07,TICK0080,52.96
2026-07-07,TICK0081,369.13
2026-07-07,TICK0082,258.73
2026-07-07,TICK0083,245.04
2026-07-07,TICK0084,81.85
2026-07-07,TICK0085,450.93
2026-07-07,TICK0086,116.2
2026-07-07,TICK0087,167.85
2026-07-07,TICK0088,518.06
2026-07-07,TICK0089,246.15
2026-07-07,TICK0090,294.33
2026-07-07,TICK0091,160.21
2026-07-07,TICK0092,441.81
2026-07-07,TICK0093,117.64
2026-07-07,TICK0094,25.59
2026-07-07,TICK0095,96.99
2026-07-07,TICK0096,45.21
2026-07-07,TICK0097,255.69
2026-07-07,TICK0098,180.93
2026-07-07,TICK0099,91.04
2026-07-07,TICK0100,461.69
2026-07-07,TICK0101,376.69
2026-07-07,TICK0102,301.11
2026-07-07,TICK0103,376.91
2026-07-07,TICK0104,282.99
2026-07-07,TICK0105,340.38
2026-07-07,TICK0106,210.5
2026-07-07,TICK0107,134.59
2026-07-07,TICK0108,453.02
2026-07-07,TICK0109,346.96
2026-07-07,TICK0110,39.59
2026-07-07,TICK0111,433.06
2026-07-07,TICK0112,210.14
2026-07-07,TICK0113,205.64
2026-07-07,TICK0114,213.15
2026-07-07,TICK0115,197.29
2026-07-07,TICK0116,207.87
2026-07-07,TICK0117,222.82
2026-07-07,TICK0118,161.62
2026-07-07,TICK0119,138.8
2026-07-07,TICK0120,453.15
2026-07-07,TICK0121,173.58
2026-07-07,TICK0122,9.6
2026-07-07,TICK0123,164.12
2026-07-07,TICK0124,138.88
2026-07-07,TICK0125,41.39
2026-07-07,TICK0126,453.2
2026-07-07,TICK0127,189.75
2026-07-07,TICK0128,242.39
2026-07-07,TICK0129,105.12
2026-07-07,TICK0130,374.99
2026-07-07,TICK0131,215.69
2026-07-07,TICK0132,18.55
2026-07-07,TICK0133,82.36
2026-07-07,TICK0134,534.07
2026-07-07,TICK0135,347.22
2026-07-07,TICK0136,388.13
2026-07-07,TICK0137,131.04
2026-07-07,TICK0138,349.54
2026-07-07,TICK0139,51.85
2026-07-07,TICK0140,345.55
2026-07-07,TICK0141,14.91
2026-07-07,TICK0142,484.29
2026-07-07,TICK0143,64.45
2026-07-07,TICK0144,307.86
2026-07-07,TICK0145,263.76
2026-07-07,TICK0146,404.22
2026-07-07,TICK0147,446.43
2026-07-07,TICK0148,394.39
2026-07-07,TICK0149,477.52
2026-07-07,TICK0150,295.63
2026-07-07,TICK0151,405.01
2026-07-07,TICK0152,269.39
2026-07-07,TICK0153,115.04
2026-07-07,TICK0154,18.36
2026-07-07,TICK0155,276.66
2026-07-07,TICK0156,229.92
2026-07-07,TICK0157,350.89
2026-07-07,TICK0158,47.89
2026-07-07,TICK0159,277.89
2026-07-07,TICK0160,67.14
2026-07-07,TICK0161,370.86
2026-07-07,TICK0162,351.89
2026-07-07,TICK0163,377.58
2026-07-07,TICK0164,280.06
2026-07-07,TICK0165,477.62
2026-07-07,TICK0166,503.15
2026-07-07,TICK0167,257.92
2026-07-07,TICK0168,370.7
2026-07-07,TICK0169,363.17
2026-07-07,TICK0170,306.62
2026-07-07,TICK0171,361.59
2026-07-07,TICK0172,400.14
2026-07-07,TICK0173,239.02
2026-07-07,TICK0174,50.1
2026-07-07,TICK0175,53.83
2026-07-07,TICK0176,289.51
2026-07-07,TICK0177,417.23
2026-07-07,TICK0178,54.21
2026-07-07,TICK0179,153.42
2026-07-07,TICK0180,360.86
2026-07-07,TICK0181,383.89
2026-07-07,TICK0182,323.66
2026-07-07,TICK0183,448.02
2026-07-07,TICK0184,417.31
2026-07-07,TICK0185,265.78
2026-07-07,TICK0186,224.7
2026-07-07,TICK0187,242.44
2026-07-07,TICK0188,470.52
2026-07-07,TICK0189,90.91
2026-07-07,TICK0190,37.24
2026-07-07,TICK0191,143.02
2026-07-07,TICK0192,316.99
2026-07-07,TICK0193,313.78
2026-07-07,TICK0194,532.88
2026-07-07,TICK0195,11.16
2026-07-07,TICK0196,334.35
2026-07-07,TICK0197,210.05
2026-07-07,TICK0198,189.7
2026-07-07,TICK0199,149.72
2026-07-07,TICK0200,455.51
2026-07-08,TICK0001,181.09
2026-07-08,TICK0002,423.22
2026-07-08,TICK0003,399.94
2026-07-08,TICK0004,60.07
2026-07-08,TICK0005,325.23
2026-07-08,TICK0006,53.58
2026-07-08,TICK0007,496.22
2026-07-08,TICK0008,395.27
2026-07-08,TICK0009,213.06
2026-07-08,TICK0010,300.41
2026-07-08,TICK0011,444.94
2026-07-08,TICK0012,397.69
2026-07-08,TICK0013,230.62
2026-07-08,TICK0014,427.78
2026-07-08,TICK0015,449.62
2026-07-08,TICK0016,331.94
2026-07-08,TICK0017,54.82
2026-07-08,TICK0018,254.7
2026-07-08,TICK0019,478.56
2026-07-08,TICK0020,178.37
2026-07-08,TICK0021,256.27
2026-07-08,TICK0022,236.73
2026-07-08,TICK0023,418.23
2026-07-08,TICK0024,196.66
2026-07-08,TICK0025,335.81
2026-07-08,TICK0026,404.47
2026-07-08,TICK0027,457.66
2026-07-08,TICK0028,62.43
2026-07-08,TICK0029,121.06
2026-07-08,TICK0030,476.2
2026-07-08,TICK0031,153.23
2026-07-08,TICK0032,27.64
2026-07-08,TICK0033,405.96
2026-07-08,TICK0034,438.56
2026-07-08,TICK0035,248.65
2026-07-08,TICK0036,439.09
2026-07-08,TICK0037,114.14
2026-07-08,TICK0038,361.27
2026-07-08,TICK0039,454.43
2026-07-08,TICK0040,297.31
2026-07-08,TICK0041,460.58
2026-07-08,TICK0042,466.78
2026-07-08,TICK0043,460.96
2026-07-08,TICK0044,263.16
2026-07-08,TICK0045,18.62
2026-07-08,TICK0046,262.22
2026-07-08,TICK0047,374.25
2026-07-08,TICK0048,401.07
2026-07-08,TICK0049,444.14
2026-07-08,TICK0050,359.27
2026-07-08,TICK0051,222.35
2026-07-08,TICK0052,263.49
2026-07-08,TICK0053,39.7
2026-07-08,TICK0054,323.95
2026-07-08,TICK0055,404.89
2026-07-08,TICK0056,441.3
2026-07-08,TICK0057,360.51
2026-07-08,TICK0058,234.68
2026-07-08,TICK0059,315.16
2026-07-08,TICK0060,319.26
2026-07-08,TICK0061,72.95
2026-07-08,TICK0062,43.63
2026-07-08,TICK0063,268.81
2026-07-08,TICK0064,443.62
2026-07-08,TICK0065,469.73
2026-07-08,TICK0066,38.7
2026-07-08,TICK0067,398.87
2026-07-08,TICK0068,374.05
2026-07-08,TICK0069,75.52
2026-07-08,TICK0070,136.99
2026-07-08,TICK0071,131.51
2026-07-08,TICK0072,328.33
2026-07-08,TICK0073,200.58
2026-07-08,TICK0074,100.48
2026-07-08,TICK0075,195.85
2026-07-08,TICK0076,518.36
2026-07-08,TICK0077,342.84
2026-07-08,TICK0078,135.91
2026-07-08,TICK0079,164.07
2026-07-08,TICK0080,53.16
2026-07-08,TICK0081,369.23
2026-07-08,TICK0082,255.48
2026-07-08,TICK0083,242.53
2026-07-08,TICK0084,83.09
2026-07-08,TICK0085,446.84
2026-07-08,TICK0086,115.85
2026-07-08,TICK0087,171.49
2026-07-08,TICK0088,526.64
2026-07-08,TICK0089,242.42
2026-07-08,TICK0090,291.6
2026-07-08,TICK0091,159.88
2026-07-08,TICK0092,439.47
2026-07-08,TICK0093,116.17
2026-07-08,TICK0094,26.12
2026-07-08,TICK0095,96.77
2026-07-08,TICK0096,44.11
2026-07-08,TICK0097,260.54
2026-07-08,TICK0098,177.17
2026-07-08,TICK0099,90.2
2026-07-08,TICK0100,474.38
2026-07-08,TICK0101,370.96
2026-07-08,TICK0102,291.56
2026-07-08,TICK0103,375.14
2026-07-08,TICK0104,284.85
2026-07-08,TICK0105,340.33
2026-07-08,TICK0106,208.3
2026-07-08,TICK0107,133.37
2026-07-08,TICK0108,468.87
2026-07-08,TICK0109,340.9
2026-07-08,TICK0110,39.16
2026-07-08,TICK0111,436.6
2026-07-08,TICK0112,206.16
2026-07-08,TICK0113,207.52
2026-07-08,TICK0114,211.19
2026-07-08,TICK0115,192.2
2026-07-08,TICK0116,211.63
2026-07-08,TICK0117,225.39
2026-07-08,TICK0118,159.36
2026-07-08,TICK0119,138.85
2026-07-08,TICK0120,458.95
2026-07-08,TICK0121,178.16
2026-07-08,TICK0122,9.65
2026-07-08,TICK0123,163.38
2026-07-08,TICK0124,139.79
2026-07-08,TICK0125,40.76
2026-07-08,TICK0126,443.25
2026-07-08,TICK0127,188.17
2026-07-08,TICK0128,243.85
2026-07-08,TICK0129,104.03
2026-07-08,TICK0130,377.1
2026-07-08,TICK0131,219.02
2026-07-08,TICK0132,18.49
2026-07-08,TICK0133,81.31
2026-07-08,TICK0134,521.91
2026-07-08,TICK0135,353.04
2026-07-08,TICK0136,385.24
2026-07-08,TICK0137,130.56
2026-07-08,TICK0138,349.2
2026-07-08,TICK0139,51.16
2026-07-08,TICK0140,338.54
2026-07-08,TICK0141,15.27
2026-07-08,TICK0142,499.62
2026-07-08,TICK0143,65.64
2026-07-08,TICK0144,304.02
2026-07-08,TICK0145,267.74
2026-07-08,TICK0146,400.8
2026-07-08,TICK0147,444.15
2026-07-08,TICK0148,393.11
2026-07-08,TICK0149,472.87
2026-07-08,TICK0150,294.57
2026-07-08,TICK0151,404.74
2026-07-08,TICK0152,276.18
2026-07-08,TICK0153,116.71
2026-07-08,TICK0154,18.37
2026-07-08,TICK0155,271.47
2026-07-08,TICK0156,229.38
2026-07-08,TICK0157,357.05
2026-07-08,TICK0158,48.01
2026-07-08,TICK0159,274.61
2026-07-08,TICK0160,65.99
2026-07-08,TICK0161,369.4
2026-07-08,TICK0162,350.72
2026-07-08,TICK0163,387.76
2026-07-08,TICK0164,278.27
2026-07-08,TICK0165,463.49
2026-07-08,TICK0166,507.07
2026-07-08,TICK0167,263.97
2026-07-08,TICK0168,372.59
2026-07-08,TICK0169,364.48
2026-07-08,TICK0170,309.0
2026-07-08,TICK0171,364.43
2026-07-08,TICK0172,404.92
2026-07-08,TICK0173,236.39
2026-07-08,TICK0174,49.68
2026-07-08,TICK0175,53.26
2026-07-08,TICK0176,290.92
2026-07-08,TICK0177,419.57
2026-07-08,TICK0178,54.32
2026-07-08,TICK0179,154.88
2026-07-08,TICK0180,360.34
2026-07-08,TICK0181,382.44
2026-07-08,TICK0182,325.59
2026-07-08,TICK0183,445.05
2026-07-08,TICK0184,424.45
2026-07-08,TICK0185,262.89
2026-07-08,TICK0186,226.09
2026-07-08,TICK0187,242.28
2026-07-08,TICK0188,475.54
2026-07-08,TICK0189,91.84
2026-07-08,TICK0190,36.06
2026-07-08,TICK0191,146.84
2026-07-08,TICK0192,303.26
2026-07-08,TICK0193,320.06
2026-07-08,TICK0194,521.99
2026-07-08,TICK0195,10.95
2026-07-08,TICK0196,331.47
2026-07-08,TICK0197,211.6
2026-07-08,TICK0198,190.0
2026-07-08,TICK0199,148.02
2026-07-08,TICK0200,449.33
2026-07-09,TICK0001,179.96
2026-07-09,TICK0002,420.38
2026-07-09,TICK0003,391.51
2026-07-09,TICK0004,61.78
2026-07-09,TICK0005,328.33
2026-07-09,TICK0006,54.25
2026-07-09,TICK0007,498.04
2026-07-09,TICK0008,395.73
2026-07-09,TICK0009,212.35
2026-07-09,TICK0010,297.81
2026-07-09,TICK0011,457.79
2026-07-09,TICK0012,397.66
2026-07-09,TICK0013,232.64
2026-07-09,TICK0014,430.0
2026-07-09,TICK0015,457.28
2026-07-09,TICK0016,340.19
2026-07-09,TICK0017,54.53
2026-07-09,TICK0018,254.49
2026-07-09,TICK0019,476.72
2026-07-09,TICK0020,179.68
2026-07-09,TICK0021,257.03
2026-07-09,TICK0022,236.83
2026-07-09,TICK0023,418.94
2026-07-09,TICK0024,197.04
2026-07-09,TICK0025,328.65
2026-07-09,TICK0026,404.1
2026-07-09,TICK0027,453.29
2026-07-09,TICK0028,61.39
2026-07-09,TICK0029,122.69
2026-07-09,TICK0030,476.5
2026-07-09,TICK0031,149.35
2026-07-09,TICK0032,27.61
2026-07-09,TICK0033,404.95
2026-07-09,TICK0034,450.01
2026-07-09,TICK0035,242.54
2026-07-09,TICK0036,437.47
2026-07-09,TICK0037,114.5
2026-07-09,TICK0038,357.88
2026-07-09,TICK0039,464.85
2026-07-09,TICK0040,294.36
2026-07-09,TICK0041,456.62
2026-07-09,TICK0042,475.37
2026-07-09,TICK0043,453.89
2026-07-09,TICK0044,261.68
2026-07-09,TICK0045,17.98
2026-07-09,TICK0046,266.94
2026-07-09,TICK0047,375.51
2026-07-09,TICK0048,408.91
2026-07-09,TICK0049,452.0
2026-07-09,TICK0050,365.92
2026-07-09,TICK0051,223.58
2026-07-09,TICK0052,264.33
2026-07-09,TICK0053,39.49
2026-07-09,TICK0054,334.04
2026-07-09,TICK0055,401.54
2026-07-09,TICK0056,444.1
2026-07-09,TICK0057,366.26
2026-07-09,TICK0058,233.86
2026-07-09,TICK0059,311.04
2026-07-09,TICK0060,314.1
2026-07-09,TICK0061,73.55
2026-07-09,TICK0062,43.99
2026-07-09,TICK0063,272.74
2026-07-09,TICK0064,437.68
2026-07-09,TICK0065,463.52
2026-07-09,TICK0066,39.19
2026-07-09,TICK0067,404.66
2026-07-09,TICK0068,366.02
2026-07-09,TICK0069,73.8
2026-07-09,TICK0070,136.81
2026-07-09,TICK0071,130.49
2026-07-09,TICK0072,326.85
2026-07-09,TICK0073,196.03
2026-07-09,TICK0074,99.74
2026-07-09,TICK0075,198.74
2026-07-09,TICK0076,506.66
2026-07-09,TICK0077,339.39
2026-07-09,TICK0078,135.76
2026-07-09,TICK0079,163.83
2026-07-09,TICK0080,53.57
2026-07-09,TICK0081,373.69
2026-07-09,TICK0082,256.2
2026-07-09,TICK0083,242.98
2026-07-09,TICK0084,83.46
2026-07-09,TICK0085,458.74
2026-07-09,TICK0086,114.4
2026-07-09,TICK0087,170.34
2026-07-09,TICK0088,542.65
2026-07-09,TICK0089,238.09
2026-07-09,TICK0090,292.77
2026-07-09,TICK0091,163.16
2026-07-09,TICK0092,428.32
2026-07-09,TICK0093,116.89
2026-07-09,TICK0094,25.98
2026-07-09,TICK0095,99.01
2026-07-09,TICK0096,44.92
2026-07-09,TICK0097,268.05
2026-07-09,TICK0098,175.66
2026-07-09,TICK0099,87.26
2026-07-09,TICK0100,479.99
2026-07-09,TICK0101,358.52
2026-07-09,TICK0102,291.19
2026-07-09,TICK0103,373.46
2026-07-09,TICK0104,285.86
2026-07-09,TICK0105,339.45
2026-07-09,TICK0106,212.05
2026-07-09,TICK0107,133.33
2026-07-09,TICK0108,470.35
2026-07-09,TICK0109,342.08
2026-07-09,TICK0110,40.44
2026-07-09,TICK0111,437.91
2026-07-09,TICK0112,202.21
2026-07-09,TICK0113,206.04
2026-07-09,TICK0114,211.37
2026-07-09,TICK0115,188.83
2026-07-09,TICK0116,214.72
2026-07-09,TICK0117,227.05
2026-07-09,TICK0118,157.4
2026-07-09,TICK0119,136.7
2026-07-09,TICK0120,467.43
2026-07-09,TICK0121,181.93
2026-07-09,TICK0122,9.83
2026-07-09,TICK0123,160.82
2026-07-09,TICK0124,138.02
2026-07-09,TICK0125,41.5
2026-07-09,TICK0126,438.43
2026-07-09,TICK0127,186.64
2026-07-09,TICK0128,248.47
2026-07-09,TICK0129,107.93
2026-07-09,TICK0130,372.29
2026-07-09,TICK0131,215.57
2026-07-09,TICK0132,18.7
2026-07-09,TICK0133,81.08
2026-07-09,TICK0134,534.77
2026-07-09,TICK0135,340.63
2026-07-09,TICK0136,380.43
2026-07-09,TICK0137,130.27
2026-07-09,TICK0138,339.62
2026-07-09,TICK0139,49.96
2026-07-09,TICK0140,333.66
2026-07-09,TICK0141,15.37
2026-07-09,TICK0142,495.78
2026-07-09,TICK0143,65.97
2026-07-09,TICK0144,304.55
2026-07-09,TICK0145,272.19
2026-07-09,TICK0146,406.18
2026-07-09,TICK0147,436.62
2026-07-09,TICK0148,401.4
2026-07-09,TICK0149,473.16
2026-07-09,TICK0150,293.1
2026-07-09,TICK0151,395.92
2026-07-09,TICK0152,272.68
2026-07-09,TICK0153,118.99
2026-07-09,TICK0154,18.05
2026-07-09,TICK0155,274.7
2026-07-09,TICK0156,228.51
2026-07-09,TICK0157,356.97
2026-07-09,TICK0158,48.87
2026-07-09,TICK0159,279.64
2026-07-09,TICK0160,66.27
2026-07-09,TICK0161,368.46
2026-07-09,TICK0162,345.85
2026-07-09,TICK0163,378.35
2026-07-09,TICK0164,283.7
2026-07-09,TICK0165,470.12
2026-07-09,TICK0166,507.81
2026-07-09,TICK0167,261.11
2026-07-09,TICK0168,385.38
2026-07-09,TICK0169,360.25
2026-07-09,TICK0170,310.41
2026-07-09,TICK0171,369.29
2026-07-09,TICK0172,396.07
2026-07-09,TICK0173,243.2
2026-07-09,TICK0174,49.45
2026-07-09,TICK0175,53.18
2026-07-09,TICK0176,285.79
2026-07-09,TICK0177,403.26
2026-07-09,TICK0178,55.57
2026-07-09,TICK0179,156.62
2026-07-09,TICK0180,367.4
2026-07-09,TICK0181,384.81
2026-07-09,TICK0182,331.15
2026-07-09,TICK0183,444.8
2026-07-09,TICK0184,418.96
2026-07-09,TICK0185,256.18
2026-07-09,TICK0186,227.47
2026-07-09,TICK0187,244.11
2026-07-09,TICK0188,466.84
2026-07-09,TICK0189,90.79
2026-07-09,TICK0190,36.46
2026-07-09,TICK0191,148.59
2026-07-09,TICK0192,310.93
2026-07-09,TICK0193,326.65
2026-07-09,TICK0194,532.81
2026-07-09,TICK0195,10.91
2026-07-09,TICK0196,323.41
2026-07-09,TICK0197,219.01
2026-07-09,TICK0198,189.57
2026-07-09,TICK0199,150.16
2026-07-09,TICK0200,450.04
2026-07-10,TICK0001,178.0
2026-07-10,TICK0002,427.13
2026-07-10,TICK0003,397.71
2026-07-10,TICK0004,61.95
2026-07-10,TICK0005,327.6
2026-07-10,TICK0006,55.8
2026-07-10,TICK0007,492.1
2026-07-10,TICK0008,389.41
2026-07-10,TICK0009,218.35
2026-07-10,TICK0010,301.67
2026-07-10,TICK0011,465.2
2026-07-10,TICK0012,396.02
2026-07-10,TICK0013,236.07
2026-07-10,TICK0014,425.26
2026-07-10,TICK0015,447.49
2026-07-10,TICK0016,338.99
2026-07-10,TICK0017,54.35
2026-07-10,TICK0018,249.92
2026-07-10,TICK0019,483.59
2026-07-10,TICK0020,180.62
2026-07-10,TICK0021,257.46
2026-07-10,TICK0022,236.79
2026-07-10,TICK0023,418.2
2026-07-10,TICK0024,197.52
2026-07-10,TICK0025,331.58
2026-07-10,TICK0026,407.95
2026-07-10,TICK0027,460.47
2026-07-10,TICK0028,61.75
2026-07-10,TICK0029,120.96
2026-07-10,TICK0030,485.73
2026-07-10,TICK0031,148.47
2026-07-10,TICK0032,28.21
2026-07-10,TICK0033,400.59
2026-07-10,TICK0034,453.05
2026-07-10,TICK0035,242.41
2026-07-10,TICK0036,436.27
2026-07-10,TICK0037,115.29
2026-07-10,TICK0038,350.85
2026-07-10,TICK0039,470.33
2026-07-10,TICK0040,295.65
2026-07-10,TICK0041,455.36
2026-07-10,TICK0042,476.47
2026-07-10,TICK0043,462.92
2026-07-10,TICK0044,262.41
2026-07-10,TICK0045,17.86
2026-07-10,TICK0046,269.87
2026-07-10,TICK0047,374.65
2026-07-10,TICK0048,413.12
2026-07-10,TICK0049,448.2
2026-07-10,TICK0050,369.19
2026-07-10,TICK0051,224.03
2026-07-10,TICK0052,268.94
2026-07-10,TICK0053,39.8
2026-07-10,TICK0054,328.76
2026-07-10,TICK0055,399.15
2026-07-10,TICK0056,442.58
2026-07-10,TICK0057,361.58
2026-07-10,TICK0058,230.95
2026-07-10,TICK0059,312.35
2026-07-10,TICK0060,320.81
2026-07-10,TICK0061,74.1
2026-07-10,TICK0062,44.01
2026-07-10,TICK0063,265.33
2026-07-10,TICK0064,433.48
2026-07-10,TICK0065,458.86
2026-07-10,TICK0066,39.08
2026-07-10,TICK0067,398.47
2026-07-10,TICK0068,353.49
2026-07-10,TICK0069,72.56
2026-07-10,TICK0070,133.46
2026-07-10,TICK0071,130.96
2026-07-10,TICK0072,326.91
2026-07-10,TICK0073,196.16
2026-07-10,TICK0074,99.64
2026-07-10,TICK0075,201.18
2026-07-10,TICK0076,504.05
2026-07-10,TICK0077,338.68
2026-07-10,TICK0078,132.84
2026-07-10,TICK0079,165.09
2026-07-10,TICK0080,53.96
2026-07-10,TICK0081,373.68
2026-07-10,TICK0082,267.73
2026-07-10,TICK0083,244.65
2026-07-10,TICK0084,85.67
2026-07-10,TICK0085,456.89
2026-07-10,TICK0086,113.3
2026-07-10,TICK0087,170.21
2026-07-10,TICK0088,551.09
2026-07-10,TICK0089,239.47
2026-07-10,TICK0090,296.43
2026-07-10,TICK0091,163.88
2026-07-10,TICK0092,422.47
2026-07-10,TICK0093,117.74
2026-07-10,TICK0094,26.13
2026-07-10,TICK0095,99.24
2026-07-10,TICK0096,45.45
2026-07-10,TICK0097,271.36
2026-07-10,TICK0098,178.43
2026-07-10,TICK0099,88.78
2026-07-10,TICK0100,484.06
2026-07-10,TICK0101,365.38
2026-07-10,TICK0102,288.61
2026-07-10,TICK0103,376.95
2026-07-10,TICK0104,291.4
2026-07-10,TICK0105,337.88
2026-07-10,TICK0106,216.66
2026-07-10,TICK0107,133.91
2026-07-10,TICK0108,464.06
2026-07-10,TICK0109,337.13
2026-07-10,TICK0110,41.17
2026-07-10,TICK0111,441.1
2026-07-10,TICK0112,203.14
2026-07-10,TICK0113,208.62
2026-07-10,TICK0114,211.58
2026-07-10,TICK0115,189.62
2026-07-10,TICK0116,214.93
2026-07-10,TICK0117,227.78
2026-07-10,TICK0118,159.23
2026-07-10,TICK0119,136.79
2026-07-10,TICK0120,474.93
2026-07-10,TICK0121,180.93
2026-07-10,TICK0122,9.77
2026-07-10,TICK0123,158.3
2026-07-10,TICK0124,138.25
2026-07-10,TICK0125,42.55
2026-07-10,TICK0126,446.35
2026-07-10,TICK0127,192.11
2026-07-10,TICK0128,243.55
2026-07-10,TICK0129,109.98
2026-07-10,TICK0130,372.19
2026-07-10,TICK0131,218.83
2026-07-10,TICK0132,18.78
2026-07-10,TICK0133,82.02
2026-07-10,TICK0134,531.89
2026-07-10,TICK0135,338.07
2026-07-10,TICK0136,377.16
2026-07-10,TICK0137,131.14
2026-07-10,TICK0138,344.23
2026-07-10,TICK0139,49.05
2026-07-10,TICK0140,337.25
2026-07-10,TICK0141,15.73
2026-07-10,TICK0142,496.12
2026-07-10,TICK0143,65.82
2026-07-10,TICK0144,302.41
2026-07-10,TICK0145,265.27
2026-07-10,TICK0146,406.27
2026-07-10,TICK0147,440.25
2026-07-10,TICK0148,406.53
2026-07-10,TICK0149,474.0
2026-07-10,TICK0150,295.31
2026-07-10,TICK0151,403.81
2026-07-10,TICK0152,272.88
2026-07-10,TICK0153,117.9
2026-07-10,TICK0154,18.04
2026-07-10,TICK0155,270.78
2026-07-10,TICK0156,227.19
2026-07-10,TICK0157,349.93
2026-07-10,TICK0158,50.59
2026-07-10,TICK0159,282.25
2026-07-10,TICK0160,65.46
2026-07-10,TICK0161,369.57
2026-07-10,TICK0162,351.72
2026-07-10,TICK0163,378.74
2026-07-10,TICK0164,283.82
2026-07-10,TICK0165,467.47
2026-07-10,TICK0166,502.48
2026-07-10,TICK0167,254.67
2026-07-10,TICK0168,380.53
2026-07-10,TICK0169,352.78
2026-07-10,TICK0170,308.11
2026-07-10,TICK0171,368.28
2026-07-10,TICK0172,388.65
2026-07-10,TICK0173,238.01
2026-07-10,TICK0174,50.7
2026-07-10,TICK0175,54.34
2026-07-10,TICK0176,284.15
2026-07-10,TICK0177,400.16
2026-07-10,TICK0178,55.9
2026-07-10,TICK0179,156.79
2026-07-10,TICK0180,363.34
2026-07-10,TICK0181,383.43
2026-07-10,TICK0182,322.56
2026-07-10,TICK0183,436.55
2026-07-10,TICK0184,413.98
2026-07-10,TICK0185,250.96
2026-07-10,TICK0186,226.06
2026-07-10,TICK0187,246.93
2026-07-10,TICK0188,462.14
2026-07-10,TICK0189,91.16
2026-07-10,TICK0190,36.16
2026-07-10,TICK0191,145.8
2026-07-10,TICK0192,306.79
2026-07-10,TICK0193,335.49
2026-07-10,TICK0194,533.92
2026-07-10,TICK0195,11.02
2026-07-10,TICK0196,321.42
2026-07-10,TICK0197,221.04
2026-07-10,TICK0198,187.13
2026-07-10,TICK0199,153.05
2026-07-10,TICK0200,439.57
2026-07-13,TICK0001,176.15
2026-07-13,TICK0002,429.42
2026-07-13,TICK0003,403.18
2026-07-13,TICK0004,62.21
2026-07-13,TICK0005,325.76
2026-07-13,TICK0006,55.61
2026-07-13,TICK0007,500.0
2026-07-13,TICK0008,385.31
2026-07-13,TICK0009,218.33
2026-07-13,TICK0010,303.34
2026-07-13,TICK0011,452.79
2026-07-13,TICK0012,398.02
2026-07-13,TICK0013,238.75
2026-07-13,TICK0014,435.24
2026-07-13,TICK0015,446.75
2026-07-13,TICK0016,341.99
2026-07-13,TICK0017,53.99
2026-07-13,TICK0018,247.53
2026-07-13,TICK0019,481.87
2026-07-13,TICK0020,183.47
2026-07-13,TICK0021,257.17
2026-07-13,TICK0022,237.54
2026-07-13,TICK0023,421.42
2026-07-13,TICK0024,196.49
2026-07-13,TICK0025,324.07
2026-07-13,TICK0026,409.11
2026-07-13,TICK0027,466.56
2026-07-13,TICK0028,61.92
2026-07-13,TICK0029,119.46
2026-07-13,TICK0030,487.22
2026-07-13,TICK0031,145.76
2026-07-13,TICK0032,27.93
2026-07-13,TICK0033,401.84
2026-07-13,TICK0034,453.39
2026-07-13,TICK0035,241.89
2026-07-13,TICK0036,435.89
2026-07-13,TICK0037,113.45
2026-07-13,TICK0038,359.56
2026-07-13,TICK0039,466.17
2026-07-13,TICK0040,292.01
2026-07-13,TICK0041,450.26
2026-07-13,TICK0042,493.14
2026-07-13,TICK0043,463.36
2026-07-13,TICK0044,263.09
2026-07-13,TICK0045,17.63
2026-07-13,TICK0046,273.96
2026-07-13,TICK0047,367.2
2026-07-13,TICK0048,412.35
2026-07-13,TICK0049,449.51
2026-07-13,TICK0050,368.01
2026-07-13,TICK0051,220.79
2026-07-13,TICK0052,264.9
2026-07-13,TICK0053,40.0
2026-07-13,TICK0054,328.94
2026-07-13,TICK0055,395.26
2026-07-13,TICK0056,447.14
2026-07-13,TICK0057,363.98
2026-07-13,TICK0058,238.51
2026-07-13,TICK0059,312.9
2026-07-13,TICK0060,320.4
2026-07-13,TICK0061,72.09
2026-07-13,TICK0062,43.73
2026-07-13,TICK0063,264.7
2026-07-13,TICK0064,429.69
2026-07-13,TICK0065,455.26
2026-07-13,TICK0066,38.94
2026-07-13,TICK0067,393.42
2026-07-13,TICK0068,350.64
2026-07-13,TICK0069,72.34
2026-07-13,TICK0070,133.14
2026-07-13,TICK0071,132.64
2026-07-13,TICK0072,320.85
2026-07-13,TICK0073,196.83
2026-07-13,TICK0074,100.18
2026-07-13,TICK0075,201.32
2026-07-13,TICK0076,510.88
2026-07-13,TICK0077,335.18
2026-07-13,TICK0078,131.03
2026-07-13,TICK0079,164.17
2026-07-13,TICK0080,54.03
2026-07-13,TICK0081,375.16
2026-07-13,TICK0082,269.26
2026-07-13,TICK0083,237.03
2026-07-13,TICK0084,86.17
2026-07-13,TICK0085,465.82
2026-07-13,TICK0086,111.47
2026-07-13,TICK0087,169.39
2026-07-13,TICK0088,553.26
2026-07-13,TICK0089,238.09
2026-07-13,TICK0090,296.34
2026-07-13,TICK0091,164.49
2026-07-13,TICK0092,432.46
2026-07-13,TICK0093,118.68
2026-07-13,TICK0094,26.19
2026-07-13,TICK0095,98.21
2026-07-13,TICK0096,45.78
2026-07-13,TICK0097,270.53
2026-07-13,TICK0098,174.4
2026-07-13,TICK0099,89.33
2026-07-13,TICK0100,485.86
2026-07-13,TICK0101,363.65
2026-07-13,TICK0102,290.54
2026-07-13,TICK0103,374.37
2026-07-13,TICK0104,287.29
2026-07-13,TICK0105,338.33
2026-07-13,TICK0106,215.93
2026-07-13,TICK0107,136.08
2026-07-13,TICK0108,453.37
2026-07-13,TICK0109,336.75
2026-07-13,TICK0110,41.31
2026-07-13,TICK0111,450.32
2026-07-13,TICK0112,203.63
2026-07-13,TICK0113,203.54
2026-07-13,TICK0114,210.03
2026-07-13,TICK0115,196.97
2026-07-13,TICK0116,215.71
2026-07-13,TICK0117,230.04
2026-07-13,TICK0118,155.58
2026-07-13,TICK0119,138.84
2026-07-13,TICK0120,481.24
2026-07-13,TICK0121,182.35
2026-07-13,TICK0122,9.67
2026-07-13,TICK0123,156.15
2026-07-13,TICK0124,135.65
2026-07-13,TICK0125,41.93
2026-07-13,TICK0126,452.8
2026-07-13,TICK0127,190.01
2026-07-13,TICK0128,242.33
2026-07-13,TICK0129,108.11
2026-07-13,TICK0130,372.36
2026-07-13,TICK0131,216.48
2026-07-13,TICK0132,18.52
2026-07-13,TICK0133,81.81
2026-07-13,TICK0134,530.06
2026-07-13,TICK0135,334.25
2026-07-13,TICK0136,374.53
2026-07-13,TICK0137,132.83
2026-07-13,TICK0138,341.26
2026-07-13,TICK0139,48.99
2026-07-13,TICK0140,330.7
2026-07-13,TICK0141,15.69
2026-07-13,TICK0142,491.22
2026-07-13,TICK0143,66.59
2026-07-13,TICK0144,294.39
2026-07-13,TICK0145,268.3
2026-07-13,TICK0146,408.76
2026-07-13,TICK0147,449.23
2026-07-13,TICK0148,411.94
2026-07-13,TICK0149,465.66
2026-07-13,TICK0150,298.41
2026-07-13,TICK0151,403.85
2026-07-13,TICK0152,275.61
2026-07-13,TICK0153,117.21
2026-07-13,TICK0154,17.76
2026-07-13,TICK0155,271.89
2026-07-13,TICK0156,226.84
2026-07-13,TICK0157,353.57
2026-07-13,TICK0158,51.26
2026-07-13,TICK0159,283.03
2026-07-13,TICK0160,64.97
2026-07-13,TICK0161,371.8
2026-07-13,TICK0162,350.24
2026-07-13,TICK0163,374.8
2026-07-13,TICK0164,278.61
2026-07-13,TICK0165,458.65
2026-07-13,TICK0166,488.85
2026-07-13,TICK0167,253.48
2026-07-13,TICK0168,383.56
2026-07-13,TICK0169,358.1
2026-07-13,TICK0170,305.8
2026-07-13,TICK0171,370.06
2026-07-13,TICK0172,384.2
2026-07-13,TICK0173,237.13
2026-07-13,TICK0174,50.5
2026-07-13,TICK0175,54.06
2026-07-13,TICK0176,286.48
2026-07-13,TICK0177,396.06
2026-07-13,TICK0178,55.6
2026-07-13,TICK0179,157.52
2026-07-13,TICK0180,370.58
2026-07-13,TICK0181,395.11
2026-07-13,TICK0182,324.6
2026-07-13,TICK0183,440.65
2026-07-13,TICK0184,420.34
2026-07-13,TICK0185,250.21
2026-07-13,TICK0186,227.64
2026-07-13,TICK0187,242.36
2026-07-13,TICK0188,465.41
2026-07-13,TICK0189,89.88
2026-07-13,TICK0190,37.76
2026-07-13,TICK0191,146.03
2026-07-13,TICK0192,309.18
2026-07-13,TICK0193,346.06
2026-07-13,TICK0194,540.84
2026-07-13,TICK0195,10.85
2026-07-13,TICK0196,323.9
2026-07-13,TICK0197,218.07
2026-07-13,TICK0198,187.37
2026-07-13,TICK0199,149.77
2026-07-13,TICK0200,440.6
2026-07-14,TICK0001,170.53
2026-07-14,TICK0002,418.15
2026-07-14,TICK0003,403.37
2026-07-14,TICK0004,62.15
2026-07-14,TICK0005,321.5
2026-07-14,TICK0006,54.99
2026-07-14,TICK0007,500.49
2026-07-14,TICK0008,389.32
2026-07-14,TICK0009,215.32
2026-07-14,TICK0010,300.25
2026-07-14,TICK0011,449.84
2026-07-14,TICK0012,393.16
2026-07-14,TICK0013,244.09
2026-07-14,TICK0014,436.08
2026-07-14,TICK0015,446.33
2026-07-14,TICK0016,343.65
2026-07-14,TICK0017,53.49
2026-07-14,TICK0018,247.75
2026-07-14,TICK0019,491.37
2026-07-14,TICK0020,182.1
2026-07-14,TICK0021,260.23
2026-07-14,TICK0022,237.08
2026-07-14,TICK0023,414.85
2026-07-14,TICK0024,196.36
2026-07-14,TICK0025,320.25
2026-07-14,TICK0026,401.0
2026-07-14,TICK0027,468.63
2026-07-14,TICK0028,62.39
2026-07-14,TICK0029,119.47
2026-07-14,TICK0030,487.66
2026-07-14,TICK0031,145.4
2026-07-14,TICK0032,28.69
2026-07-14,TICK0033,395.52
2026-07-14,TICK0034,454.3
2026-07-14,TICK0035,245.79
2026-07-14,TICK0036,435.73
2026-07-14,TICK0037,114.61
2026-07-14,TICK0038,365.08
2026-07-14,TICK0039,455.17
2026-07-14,TICK0040,301.46
2026-07-14,TICK0041,450.58
2026-07-14,TICK0042,496.15
2026-07-14,TICK0043,464.64
2026-07-14,TICK0044,263.16
2026-07-14,TICK0045,17.03
2026-07-14,TICK0046,270.9
2026-07-14,TICK0047,372.3
2026-07-14,TICK0048,404.86
2026-07-14,TICK0049,443.96
2026-07-14,TICK0050,362.79
2026-07-14,TICK0051,217.88
2026-07-14,TICK0052,265.2
2026-07-14,TICK0053,39.99
2026-07-14,TICK0054,335.98
2026-07-14,TICK0055,383.3
2026-07-14,TICK0056,459.97
2026-07-14,TICK0057,368.96
2026-07-14,TICK0058,237.93
2026-07-14,TICK0059,302.82
2026-07-14,TICK0060,320.55
2026-07-14,TICK0061,71.36
2026-07-14,TICK0062,43.66
2026-07-14,TICK0063,260.35
2026-07-14,TICK0064,438.64
2026-07-14,TICK0065,461.2
2026-07-14,TICK0066,37.77
2026-07-14,TICK0067,400.14
2026-07-14,TICK0068,344.29
2026-07-14,TICK0069,69.49
2026-07-14,TICK0070,136.48
2026-07-14,TICK0071,131.44
2026-07-14,TICK0072,323.82
2026-07-14,TICK0073,196.31
2026-07-14,TICK0074,99.47
2026-07-14,TICK0075,198.47
2026-07-14,TICK0076,515.39
2026-07-14,TICK0077,339.93
2026-07-14,TICK0078,129.08
2026-07-14,TICK0079,165.23
2026-07-14,TICK0080,54.64
2026-07-14,TICK0081,373.12
2026-07-14,TICK0082,268.04
2026-07-14,TICK0083,242.1
2026-07-14,TICK0084,86.69
2026-07-14,TICK0085,472.67
2026-07-14,TICK0086,110.18
2026-07-14,TICK0087,170.67
2026-07-14,TICK0088,562.04
2026-07-14,TICK0089,244.63
2026-07-14,TICK0090,298.42
2026-07-14,TICK0091,161.9
2026-07-14,TICK0092,430.77
2026-07-14,TICK0093,116.96
2026-07-14,TICK0094,25.36
2026-07-14,TICK0095,96.46
2026-07-14,TICK0096,46.83
2026-07-14,TICK0097,274.07
2026-07-14,TICK0098,167.02
2026-07-14,TICK0099,89.92
2026-07-14,TICK0100,484.15
2026-07-14,TICK0101,361.88
2026-07-14,TICK0102,292.65
2026-07-14,TICK0103,366.43
2026-07-14,TICK0104,284.43
2026-07-14,TICK0105,337.02
2026-07-14,TICK0106,216.12
2026-07-14,TICK0107,136.3
2026-07-14,TICK0108,455.22
2026-07-14,TICK0109,338.53
2026-07-14,TICK0110,41.96
2026-07-14,TICK0111,449.84
2026-07-14,TICK0112,201.79
2026-07-14,TICK0113,203.94
2026-07-14,TICK0114,205.74
2026-07-14,TICK0115,192.99
2026-07-14,TICK0116,219.23
2026-07-14,TICK0117,228.83
2026-07-14,TICK0118,154.13
2026-07-14,TICK0119,137.59
2026-07-14,TICK0120,479.06
2026-07-14,TICK0121,181.06
2026-07-14,TICK0122,9.39
2026-07-14,TICK0123,155.03
2026-07-14,TICK0124,132.03
2026-07-14,TICK0125,42.82
2026-07-14,TICK0126,454.54
2026-07-14,TICK0127,193.73
2026-07-14,TICK0128,239.57
2026-07-14,TICK0129,108.69
2026-07-14,TICK0130,375.08
2026-07-14,TICK0131,223.5
2026-07-14,TICK0132,18.61
2026-07-14,TICK0133,82.03
2026-07-14,TICK0134,515.14
2026-07-14,TICK0135,334.15
2026-07-14,TICK0136,376.63
2026-07-14,TICK0137,133.15
2026-07-14,TICK0138,344.9
2026-07-14,TICK0139,47.54
2026-07-14,TICK0140,322.84
2026-07-14,TICK0141,15.28
2026-07-14,TICK0142,492.96
2026-07-14,TICK0143,67.11
2026-07-14,TICK0144,284.6
2026-07-14,TICK0145,273.98
2026-07-14,TICK0146,402.97
2026-07-14,TICK0147,440.82
2026-07-14,TICK0148,406.05
2026-07-14,TICK0149,463.66
2026-07-14,TICK0150,294.72
2026-07-14,TICK0151,405.01
2026-07-14,TICK0152,268.92
2026-07-14,TICK0153,119.42
2026-07-14,TICK0154,17.89
2026-07-14,TICK0155,276.12
2026-07-14,TICK0156,227.78
2026-07-14,TICK0157,352.58
2026-07-14,TICK0158,52.0
2026-07-14,TICK0159,284.75
2026-07-14,TICK0160,66.27
2026-07-14,TICK0161,371.88
2026-07-14,TICK0162,357.94
2026-07-14,TICK0163,377.8
2026-07-14,TICK0164,283.91
2026-07-14,TICK0165,455.72
2026-07-14,TICK0166,483.78
2026-07-14,TICK0167,249.97
2026-07-14,TICK0168,380.6
2026-07-14,TICK0169,359.14
2026-07-14,TICK0170,300.36
2026-07-14,TICK0171,373.81
2026-07-14,TICK0172,384.73
2026-07-14,TICK0173,234.84
2026-07-14,TICK0174,48.84
2026-07-14,TICK0175,53.66
2026-07-14,TICK0176,286.93
2026-07-14,TICK0177,390.47
2026-07-14,TICK0178,55.19
2026-07-14,TICK0179,158.23
2026-07-14,TICK0180,371.83
2026-07-14,TICK0181,396.56
2026-07-14,TICK0182,323.32
2026-07-14,TICK0183,443.37
2026-07-14,TICK0184,420.14
2026-07-14,TICK0185,255.61
2026-07-14,TICK0186,226.79
2026-07-14,TICK0187,242.32
2026-07-14,TICK0188,480.15
2026-07-14,TICK0189,90.25
2026-07-14,TICK0190,37.2
2026-07-14,TICK0191,143.84
2026-07-14,TICK0192,308.84
2026-07-14,TICK0193,349.81
2026-07-14,TICK0194,550.88
2026-07-14,TICK0195,10.94
2026-07-14,TICK0196,319.64
2026-07-14,TICK0197,217.99
2026-07-14,TICK0198,189.49
2026-07-14,TICK0199,151.66
2026-07-14,TICK0200,446.45
2026-07-15,TICK0001,168.96
2026-07-15,TICK0002,420.26
2026-07-15,TICK0003,400.22
2026-07-15,TICK0004,60.37
2026-07-15,TICK0005,319.84
2026-07-15,TICK0006,54.27
2026-07-15,TICK0007,507.14
2026-07-15,TICK0008,385.13
2026-07-15,TICK0009,211.18
2026-07-15,TICK0010,304.36
2026-07-15,TICK0011,458.06
2026-07-15,TICK0012,396.3
2026-07-15,TICK0013,246.7
2026-07-15,TICK0014,443.88
2026-07-15,TICK0015,439.05
2026-07-15,TICK0016,359.59
2026-07-15,TICK0017,53.19
2026-07-15,TICK0018,244.61
2026-07-15,TICK0019,486.48
2026-07-15,TICK0020,181.4
2026-07-15,TICK0021,270.19
2026-07-15,TICK0022,235.08
2026-07-15,TICK0023,412.75
2026-07-15,TICK0024,197.3
2026-07-15,TICK0025,326.76
2026-07-15,TICK0026,403.37
2026-07-15,TICK0027,459.24
2026-07-15,TICK0028,62.67
2026-07-15,TICK0029,120.74
2026-07-15,TICK0030,477.81
2026-07-15,TICK0031,146.85
2026-07-15,TICK0032,28.68
2026-07-15,TICK0033,401.46
2026-07-15,TICK0034,458.57
2026-07-15,TICK0035,237.6
2026-07-15,TICK0036,440.58
2026-07-15,TICK0037,112.76
2026-07-15,TICK0038,361.39
2026-07-15,TICK0039,454.34
2026-07-15,TICK0040,296.15
2026-07-15,TICK0041,446.47
2026-07-15,TICK0042,497.68
2026-07-15,TICK0043,463.16
2026-07-15,TICK0044,264.93
2026-07-15,TICK0045,17.11
2026-07-15,TICK0046,265.18
2026-07-15,TICK0047,374.07
2026-07-15,TICK0048,403.67
2026-07-15,TICK0049,458.8
2026-07-15,TICK0050,360.83
2026-07-15,TICK0051,219.09
2026-07-15,TICK0052,266.95
2026-07-15,TICK0053,39.96
2026-07-15,TICK0054,335.64
2026-07-15,TICK0055,387.77
2026-07-15,TICK0056,459.15
2026-07-15,TICK0057,374.03
2026-07-15,TICK0058,238.42
2026-07-15,TICK0059,302.79
2026-07-15,TICK0060,324.02
2026-07-15,TICK0061,69.41
2026-07-15,TICK0062,43.61
2026-07-15,TICK0063,259.6
2026-07-15,TICK0064,424.67
2026-07-15,TICK0065,464.86
2026-07-15,TICK0066,38.14
2026-07-15,TICK0067,398.59
2026-07-15,TICK0068,341.73
2026-07-15,TICK0069,70.32
2026-07-15,TICK0070,136.55
2026-07-15,TICK0071,135.78
2026-07-15,TICK0072,328.17
2026-07-15,TICK0073,191.82
2026-07-15,TICK0074,98.48
2026-07-15,TICK0075,191.63
2026-07-15,TICK0076,519.37
2026-07-15,TICK0077,349.24
2026-07-15,TICK0078,129.51
2026-07-15,TICK0079,163.12
2026-07-15,TICK0080,55.05
2026-07-15,TICK0081,382.99
2026-07-15,TICK0082,271.8
2026-07-15,TICK0083,247.02
2026-07-15,TICK0084,86.64
2026-07-15,TICK0085,471.29
2026-07-15,TICK0086,109.59
2026-07-15,TICK0087,169.33
2026-07-15,TICK0088,563.38
2026-07-15,TICK0089,248.18
2026-07-15,TICK0090,296.17
2026-07-15,TICK0091,159.11
2026-07-15,TICK0092,429.28
2026-07-15,TICK0093,115.79
2026-07-15,TICK0094,25.66
2026-07-15,TICK0095,97.21
2026-07-15,TICK0096,46.17
2026-07-15,TICK0097,276.05
2026-07-15,TICK0098,165.93
2026-07-15,TICK0099,87.83
2026-07-15,TICK0100,492.96
2026-07-15,TICK0101,370.07
2026-07-15,TICK0102,289.6
2026-07-15,TICK0103,370.69
2026-07-15,TICK0104,281.2
2026-07-15,TICK0105,344.38
2026-07-15,TICK0106,213.23
2026-07-15,TICK0107,135.17
2026-07-15,TICK0108,462.85
2026-07-15,TICK0109,337.67
2026-07-15,TICK0110,42.66
2026-07-15,TICK0111,445.95
2026-07-15,TICK0112,202.26
2026-07-15,TICK0113,204.96
2026-07-15,TICK0114,206.78
2026-07-15,TICK0115,188.99
2026-07-15,TICK0116,220.01
2026-07-15,TICK0117,227.93
2026-07-15,TICK0118,155.54
2026-07-15,TICK0119,137.35
2026-07-15,TICK0120,475.05
2026-07-15,TICK0121,178.39
2026-07-15,TICK0122,9.4
2026-07-15,TICK0123,154.16
2026-07-15,TICK0124,131.3
2026-07-15,TICK0125,42.51
2026-07-15,TICK0126,444.18
2026-07-15,TICK0127,190.47
2026-07-15,TICK0128,240.98
2026-07-15,TICK0129,111.09
2026-07-15,TICK0130,367.46
2026-07-15,TICK0131,228.98
2026-07-15,TICK0132,18.34
2026-07-15,TICK0133,82.25
2026-07-15,TICK0134,511.73
2026-07-15,TICK0135,323.19
2026-07-15,TICK0136,389.97
2026-07-15,TICK0137,132.54
2026-07-15,TICK0138,345.1
2026-07-15,TICK0139,46.83
2026-07-15,TICK0140,319.86
2026-07-15,TICK0141,15.48
2026-07-15,TICK0142,480.18
2026-07-15,TICK0143,68.47
2026-07-15,TICK0144,285.62
2026-07-15,TICK0145,280.43
2026-07-15,TICK0146,399.49
2026-07-15,TICK0147,453.96
2026-07-15,TICK0148,405.65
2026-07-15,TICK0149,461.4
2026-07-15,TICK0150,295.07
2026-07-15,TICK0151,421.91
2026-07-15,TICK0152,270.91
2026-07-15,TICK0153,119.23
2026-07-15,TICK0154,17.97
2026-07-15,TICK0155,275.35
2026-07-15,TICK0156,227.32
2026-07-15,TICK0157,343.62
2026-07-15,TICK0158,52.12
2026-07-15,TICK0159,282.81
2026-07-15,TICK0160,67.11
2026-07-15,TICK0161,370.33
2026-07-15,TICK0162,366.22
2026-07-15,TICK0163,376.9
2026-07-15,TICK0164,287.08
2026-07-15,TICK0165,442.81
2026-07-15,TICK0166,473.77
2026-07-15,TICK0167,247.58
2026-07-15,TICK0168,375.71
2026-07-15,TICK0169,360.58
2026-07-15,TICK0170,308.46
2026-07-15,TICK0171,371.63
2026-07-15,TICK0172,381.11
2026-07-15,TICK0173,234.25
2026-07-15,TICK0174,47.39
2026-07-15,TICK0175,53.54
2026-07-15,TICK0176,283.32
2026-07-15,TICK0177,388.11
2026-07-15,TICK0178,55.06
2026-07-15,TICK0179,156.77
2026-07-15,TICK0180,371.01
2026-07-15,TICK0181,393.98
2026-07-15,TICK0182,323.93
2026-07-15,TICK0183,453.35
2026-07-15,TICK0184,428.91
2026-07-15,TICK0185,253.6
2026-07-15,TICK0186,228.73
2026-07-15,TICK0187,234.12
2026-07-15,TICK0188,479.25
2026-07-15,TICK0189,90.34
2026-07-15,TICK0190,36.7
2026-07-15,TICK0191,140.3
2026-07-15,TICK0192,314.72
2026-07-15,TICK0193,348.04
2026-07-15,TICK0194,553.78
2026-07-15,TICK0195,10.7
2026-07-15,TICK0196,312.86
2026-07-15,TICK0197,220.52
2026-07-15,TICK0198,186.28
2026-07-15,TICK0199,149.81
2026-07-15,TICK0200,438.16
2026-07-16,TICK0001,170.51
2026-07-16,TICK0002,417.92
2026-07-16,TICK0003,391.32
2026-07-16,TICK0004,60.36
2026-07-16,TICK0005,322.57
2026-07-16,TICK0006,53.62
2026-07-16,TICK0007,515.35
2026-07-16,TICK0008,386.46
2026-07-16,TICK0009,210.89
2026-07-16,TICK0010,305.83
2026-07-16,TICK0011,449.93
2026-07-16,TICK0012,405.49
2026-07-16,TICK0013,246.26
2026-07-16,TICK0014,444.42
2026-07-16,TICK0015,442.35
2026-07-16,TICK0016,365.7
2026-07-16,TICK0017,52.88
2026-07-16,TICK0018,243.24
2026-07-16,TICK0019,470.3
2026-07-16,TICK0020,178.77
2026-07-16,TICK0021,272.37
2026-07-16,TICK0022,233.2
2026-07-16,TICK0023,411.41
2026-07-16,TICK0024,192.28
2026-07-16,TICK0025,322.5
2026-07-16,TICK0026,407.14
2026-07-16,TICK0027,463.37
2026-07-16,TICK0028,64.99
2026-07-16,TICK0029,118.84
2026-07-16,TICK0030,483.25
2026-07-16,TICK0031,149.05
2026-07-16,TICK0032,28.07
2026-07-16,TICK0033,405.3
2026-07-16,TICK0034,451.63
2026-07-16,TICK0035,238.49
2026-07-16,TICK0036,441.01
2026-07-16,TICK0037,115.55
2026-07-16,TICK0038,373.67
2026-07-16,TICK0039,453.35
2026-07-16,TICK0040,297.59
2026-07-16,TICK0041,451.25
2026-07-16,TICK0042,495.47
2026-07-16,TICK0043,464.63
2026-07-16,TICK0044,269.72
2026-07-16,TICK0045,17.17
2026-07-16,TICK0046,271.2
2026-07-16,TICK0047,375.64
2026-07-16,TICK0048,398.6
2026-07-16,TICK0049,456.85
2026-07-16,TICK0050,366.8
2026-07-16,TICK0051,218.4
2026-07-16,TICK0052,269.78
2026-07-16,TICK0053,39.53
2026-07-16,TICK0054,337.99
2026-07-16,TICK0055,395.16
2026-07-16,TICK0056,452.53
2026-07-16,TICK0057,375.31
2026-07-16,TICK0058,240.44
2026-07-16,TICK0059,307.74
2026-07-16,TICK0060,325.22
2026-07-16,TICK0061,70.64
2026-07-16,TICK0062,43.38
2026-07-16,TICK0063,268.74
2026-07-16,TICK0064,444.75
2026-07-16,TICK0065,469.94
2026-07-16,TICK0066,37.44
2026-07-16,TICK0067,394.02
2026-07-16,TICK0068,341.04
2026-07-16,TICK0069,67.79
2026-07-16,TICK0070,137.05
2026-07-16,TICK0071,131.95
2026-07-16,TICK0072,326.01
2026-07-16,TICK0073,197.56
2026-07-16,TICK0074,98.55
2026-07-16,TICK0075,192.12
2026-07-16,TICK0076,519.86
2026-07-16,TICK0077,345.87
2026-07-16,TICK0078,129.67
2026-07-16,TICK0079,162.81
2026-07-16,TICK0080,54.04
2026-07-16,TICK0081,377.21
2026-07-16,TICK0082,273.83
2026-07-16,TICK0083,238.43
2026-07-16,TICK0084,88.25
2026-07-16,TICK0085,486.3
2026-07-16,TICK0086,107.3
2026-07-16,TICK0087,169.54
2026-07-16,TICK0088,563.69
2026-07-16,TICK0089,249.99
2026-07-16,TICK0090,295.36
2026-07-16,TICK0091,159.18
2026-07-16,TICK0092,427.43
2026-07-16,TICK0093,114.64
2026-07-16,TICK0094,25.75
2026-07-16,TICK0095,97.51
2026-07-16,TICK0096,47.39
2026-07-16,TICK0097,278.2
2026-07-16,TICK0098,167.33
2026-07-16,TICK0099,89.67
2026-07-16,TICK0100,494.1
2026-07-16,TICK0101,367.51
2026-07-16,TICK0102,286.56
2026-07-16,TICK0103,364.39
2026-07-16,TICK0104,284.75
2026-07-16,TICK0105,333.05
2026-07-16,TICK0106,217.02
2026-07-16,TICK0107,137.26
2026-07-16,TICK0108,466.24
2026-07-16,TICK0109,335.24
2026-07-16,TICK0110,42.31
2026-07-16,TICK0111,451.69
2026-07-16,TICK0112,207.12
2026-07-16,TICK0113,205.4
2026-07-16,TICK0114,206.63
2026-07-16,TICK0115,189.99
2026-07-16,TICK0116,223.04
2026-07-16,TICK0117,229.51
2026-07-16,TICK0118,154.09
2026-07-16,TICK0119,138.08
2026-07-16,TICK0120,477.52
2026-07-16,TICK0121,183.32
2026-07-16,TICK0122,9.69
2026-07-16,TICK0123,154.86
2026-07-16,TICK0124,131.08
2026-07-16,TICK0125,42.86
2026-07-16,TICK0126,442.96
2026-07-16,TICK0127,191.9
2026-07-16,TICK0128,245.47
2026-07-16,TICK0129,108.62
2026-07-16,TICK0130,370.8
2026-07-16,TICK0131,228.64
2026-07-16,TICK0132,18.17
2026-07-16,TICK0133,82.78
2026-07-16,TICK0134,503.85
2026-07-16,TICK0135,329.65
2026-07-16,TICK0136,385.86
2026-07-16,TICK0137,132.61
2026-07-16,TICK0138,337.18
2026-07-16,TICK0139,46.43
2026-07-16,TICK0140,323.43
2026-07-16,TICK0141,15.06
2026-07-16,TICK0142,476.34
2026-07-16,TICK0143,69.84
2026-07-16,TICK0144,283.27
2026-07-16,TICK0145,282.68
2026-07-16,TICK0146,396.82
2026-07-16,TICK0147,456.88
2026-07-16,TICK0148,403.9
2026-07-16,TICK0149,460.3
2026-07-16,TICK0150,286.19
2026-07-16,TICK0151,418.24
2026-07-16,TICK0152,266.68
2026-07-16,TICK0153,120.3
2026-07-16,TICK0154,18.23
2026-07-16,TICK0155,271.15
2026-07-16,TICK0156,223.05
2026-07-16,TICK0157,345.4
2026-07-16,TICK0158,52.02
2026-07-16,TICK0159,280.21
2026-07-16,TICK0160,67.28
2026-07-16,TICK0161,367.11
2026-07-16,TICK0162,365.85
2026-07-16,TICK0163,369.29
2026-07-16,TICK0164,289.45
2026-07-16,TICK0165,434.6
2026-07-16,TICK0166,485.98
2026-07-16,TICK0167,249.9
2026-07-16,TICK0168,375.72
2026-07-16,TICK0169,357.29
2026-07-16,TICK0170,308.59
2026-07-16,TICK0171,376.26
2026-07-16,TICK0172,384.95
2026-07-16,TICK0173,239.12
2026-07-16,TICK0174,47.42
2026-07-16,TICK0175,55.04
2026-07-16,TICK0176,283.41
2026-07-16,TICK0177,381.63
2026-07-16,TICK0178,56.42
2026-07-16,TICK0179,152.67
2026-07-16,TICK0180,385.0
2026-07-16,TICK0181,396.05
2026-07-16,TICK0182,326.23
2026-07-16,TICK0183,461.0
2026-07-16,TICK0184,424.68
2026-07-16,TICK0185,250.77
2026-07-16,TICK0186,222.24
2026-07-16,TICK0187,233.43
2026-07-16,TICK0188,483.6
2026-07-16,TICK0189,89.25
2026-07-16,TICK0190,36.39
2026-07-16,TICK0191,139.39
2026-07-16,TICK0192,316.7
2026-07-16,TICK0193,347.05
2026-07-16,TICK0194,548.97
2026-07-16,TICK0195,10.88
2026-07-16,TICK0196,313.25
2026-07-16,TICK0197,223.3
2026-07-16,TICK0198,186.56
2026-07-16,TICK0199,149.28
2026-07-16,TICK0200,428.18
2026-07-17,TICK0001,177.09
2026-07-17,TICK0002,413.76
2026-07-17,TICK0003,386.77
2026-07-17,TICK0004,60.43
2026-07-17,TICK0005,327.69
2026-07-17,TICK0006,53.56
2026-07-17,TICK0007,508.04
2026-07-17,TICK0008,386.8
2026-07-17,TICK0009,204.62
2026-07-17,TICK0010,309.62
2026-07-17,TICK0011,455.23
2026-07-17,TICK0012,404.91
2026-07-17,TICK0013,246.03
2026-07-17,TICK0014,458.25
2026-07-17,TICK0015,447.4
2026-07-17,TICK0016,365.08
2026-07-17,TICK0017,52.23
2026-07-17,TICK0018,246.96
2026-07-17,TICK0019,477.82
2026-07-17,TICK0020,177.62
2026-07-17,TICK0021,270.02
2026-07-17,TICK0022,233.13
2026-07-17,TICK0023,416.52
2026-07-17,TICK0024,188.43
2026-07-17,TICK0025,325.34
2026-07-17,TICK0026,410.64
2026-07-17,TICK0027,468.42
2026-07-17,TICK0028,64.38
2026-07-17,TICK0029,112.66
2026-07-17,TICK0030,488.03
2026-07-17,TICK0031,151.59
2026-07-17,TICK0032,28.13
2026-07-17,TICK0033,402.38
2026-07-17,TICK0034,449.98
2026-07-17,TICK0035,234.4
2026-07-17,TICK0036,445.94
2026-07-17,TICK0037,114.23
2026-07-17,TICK0038,379.25
2026-07-17,TICK0039,446.85
2026-07-17,TICK0040,300.47
2026-07-17,TICK0041,458.32
2026-07-17,TICK0042,496.56
2026-07-17,TICK0043,481.9
2026-07-17,TICK0044,273.61
2026-07-17,TICK0045,17.47
2026-07-17,TICK0046,269.94
2026-07-17,TICK0047,380.43
2026-07-17,TICK0048,395.21
2026-07-17,TICK0049,457.81
2026-07-17,TICK0050,377.24
2026-07-17,TICK0051,215.69
2026-07-17,TICK0052,270.55
2026-07-17,TICK0053,39.59
2026-07-17,TICK0054,332.67
2026-07-17,TICK0055,386.24
2026-07-17,TICK0056,460.13
2026-07-17,TICK0057,379.52
2026-07-17,TICK0058,240.64
2026-07-17,TICK0059,305.96
2026-07-17,TICK0060,329.94
2026-07-17,TICK0061,72.33
2026-07-17,TICK0062,43.22
2026-07-17,TICK0063,269.97
2026-07-17,TICK0064,451.88
2026-07-17,TICK0065,473.01
2026-07-17,TICK0066,37.48
2026-07-17,TICK0067,398.4
2026-07-17,TICK0068,338.79
2026-07-17,TICK0069,67.72
2026-07-17,TICK0070,134.49
2026-07-17,TICK0071,130.86
2026-07-17,TICK0072,323.78
2026-07-17,TICK0073,199.23
2026-07-17,TICK0074,96.96
2026-07-17,TICK0075,195.28
2026-07-17,TICK0076,520.02
2026-07-17,TICK0077,343.7
2026-07-17,TICK0078,128.29
2026-07-17,TICK0079,163.62
2026-07-17,TICK0080,54.75
2026-07-17,TICK0081,373.33
2026-07-17,TICK0082,275.61
2026-07-17,TICK0083,242.36
2026-07-17,TICK0084,89.71
2026-07-17,TICK0085,488.35
2026-07-17,TICK0086,107.35
2026-07-17,TICK0087,166.43
2026-07-17,TICK0088,560.83
2026-07-17,TICK0089,252.0
2026-07-17,TICK0090,294.5
2026-07-17,TICK0091,155.81
2026-07-17,TICK0092,439.73
2026-07-17,TICK0093,114.04
2026-07-17,TICK0094,25.95
2026-07-17,TICK0095,98.55
2026-07-17,TICK0096,48.07
2026-07-17,TICK0097,278.99
2026-07-17,TICK0098,170.38
2026-07-17,TICK0099,89.06
2026-07-17,TICK0100,479.62
2026-07-17,TICK0101,362.95
2026-07-17,TICK0102,286.15
2026-07-17,TICK0103,367.28
2026-07-17,TICK0104,288.66
2026-07-17,TICK0105,330.39
2026-07-17,TICK0106,219.23
2026-07-17,TICK0107,135.6
2026-07-17,TICK0108,466.31
2026-07-17,TICK0109,329.01
2026-07-17,TICK0110,41.8
2026-07-17,TICK0111,450.6
2026-07-17,TICK0112,209.32
2026-07-17,TICK0113,204.41
2026-07-17,TICK0114,208.23
2026-07-17,TICK0115,193.46
2026-07-17,TICK0116,222.09
2026-07-17,TICK0117,227.93
2026-07-17,TICK0118,153.58
2026-07-17,TICK0119,140.6
2026-07-17,TICK0120,484.29
2026-07-17,TICK0121,178.8
2026-07-17,TICK0122,9.74
2026-07-17,TICK0123,152.82
2026-07-17,TICK0124,130.33
2026-07-17,TICK0125,43.78
2026-07-17,TICK0126,445.06
2026-07-17,TICK0127,192.8
2026-07-17,TICK0128,243.32
2026-07-17,TICK0129,108.77
2026-07-17,TICK0130,355.83
2026-07-17,TICK0131,225.38
2026-07-17,TICK0132,18.22
2026-07-17,TICK0133,83.49
2026-07-17,TICK0134,499.36
2026-07-17,TICK0135,328.48
2026-07-17,TICK0136,383.53
2026-07-17,TICK0137,131.96
2026-07-17,TICK0138,338.08
2026-07-17,TICK0139,45.52
2026-07-17,TICK0140,322.54
2026-07-17,TICK0141,15.1
2026-07-17,TICK0142,468.63
2026-07-17,TICK0143,70.22
2026-07-17,TICK0144,280.98
2026-07-17,TICK0145,278.25
2026-07-17,TICK0146,402.0
2026-07-17,TICK0147,464.05
2026-07-17,TICK0148,397.89
2026-07-17,TICK0149,465.4
2026-07-17,TICK0150,292.44
2026-07-17,TICK0151,429.29
2026-07-17,TICK0152,270.02
2026-07-17,TICK0153,120.16
2026-07-17,TICK0154,18.02
2026-07-17,TICK0155,273.22
2026-07-17,TICK0156,224.72
2026-07-17,TICK0157,350.69
2026-07-17,TICK0158,51.66
2026-07-17,TICK0159,278.48
2026-07-17,TICK0160,66.01
2026-07-17,TICK0161,359.51
2026-07-17,TICK0162,360.39
2026-07-17,TICK0163,363.93
2026-07-17,TICK0164,292.62
2026-07-17,TICK0165,435.62
2026-07-17,TICK0166,485.24
2026-07-17,TICK0167,249.76
2026-07-17,TICK0168,376.57
2026-07-17,TICK0169,353.06
2026-07-17,TICK0170,307.61
2026-07-17,TICK0171,373.24
2026-07-17,TICK0172,390.96
2026-07-17,TICK0173,235.64
2026-07-17,TICK0174,47.87
2026-07-17,TICK0175,55.42
2026-07-17,TICK0176,276.95
2026-07-17,TICK0177,382.94
2026-07-17,TICK0178,56.28
2026-07-17,TICK0179,149.91
2026-07-17,TICK0180,378.98
2026-07-17,TICK0181,393.58
2026-07-17,TICK0182,325.37
2026-07-17,TICK0183,463.53
2026-07-17,TICK0184,424.41
2026-07-17,TICK0185,246.38
2026-07-17,TICK0186,220.83
2026-07-17,TICK0187,230.31
2026-07-17,TICK0188,482.92
2026-07-17,TICK0189,91.35
2026-07-17,TICK0190,36.53
2026-07-17,TICK0191,141.47
2026-07-17,TICK0192,315.65
2026-07-17,TICK0193,345.6
2026-07-17,TICK0194,557.12
2026-07-17,TICK0195,10.78
2026-07-17,TICK0196,317.37
2026-07-17,TICK0197,219.57
2026-07-17,TICK0198,187.25
2026-07-17,TICK0199,149.38
2026-07-17,TICK0200,438.41
2026-07-20,TICK0001,178.17
2026-07-20,TICK0002,417.64
2026-07-20,TICK0003,391.16
2026-07-20,TICK0004,62.67
2026-07-20,TICK0005,330.34
2026-07-20,TICK0006,53.85
2026-07-20,TICK0007,518.67
2026-07-20,TICK0008,383.09
2026-07-20,TICK0009,200.67
2026-07-20,TICK0010,312.6
2026-07-20,TICK0011,459.87
2026-07-20,TICK0012,407.43
2026-07-20,TICK0013,245.04
2026-07-20,TICK0014,470.4
2026-07-20,TICK0015,445.54
2026-07-20,TICK0016,359.92
2026-07-20,TICK0017,51.81
2026-07-20,TICK0018,244.88
2026-07-20,TICK0019,471.87
2026-07-20,TICK0020,178.66
2026-07-20,TICK0021,269.54
2026-07-20,TICK0022,231.28
2026-07-20,TICK0023,410.73
2026-07-20,TICK0024,190.57
2026-07-20,TICK0025,316.84
2026-07-20,TICK0026,417.38
2026-07-20,TICK0027,468.84
2026-07-20,TICK0028,63.88
2026-07-20,TICK0029,111.21
2026-07-20,TICK0030,503.96
2026-07-20,TICK0031,154.6
2026-07-20,TICK0032,27.85
2026-07-20,TICK0033,399.77
2026-07-20,TICK0034,438.8
2026-07-20,TICK0035,235.57
2026-07-20,TICK0036,445.49
2026-07-20,TICK0037,114.76
2026-07-20,TICK0038,377.47
2026-07-20,TICK0039,450.63
2026-07-20,TICK0040,302.4
2026-07-20,TICK0041,459.16
2026-07-20,TICK0042,495.53
2026-07-20,TICK0043,479.83
2026-07-20,TICK0044,267.57
2026-07-20,TICK0045,17.18
2026-07-20,TICK0046,268.98
2026-07-20,TICK0047,375.86
2026-07-20,TICK0048,398.77
2026-07-20,TICK0049,453.18
2026-07-20,TICK0050,386.05
2026-07-20,TICK0051,212.75
2026-07-20,TICK0052,269.12
2026-07-20,TICK0053,40.12
2026-07-20,TICK0054,334.87
2026-07-20,TICK0055,393.52
2026-07-20,TICK0056,459.39
2026-07-20,TICK0057,375.89
2026-07-20,TICK0058,246.81
2026-07-20,TICK0059,303.02
2026-07-20,TICK0060,331.42
2026-07-20,TICK0061,73.2
2026-07-20,TICK0062,44.27
2026-07-20,TICK0063,273.67
2026-07-20,TICK0064,453.48
2026-07-20,TICK0065,468.89
2026-07-20,TICK0066,37.64
2026-07-20,TICK0067,395.56
2026-07-20,TICK0068,346.24
2026-07-20,TICK0069,67.75
2026-07-20,TICK0070,133.27
2026-07-20,TICK0071,130.72
2026-07-20,TICK0072,325.13
2026-07-20,TICK0073,207.14
2026-07-20,TICK0074,95.4
2026-07-20,TICK0075,198.24
2026-07-20,TICK0076,514.97
2026-07-20,TICK0077,342.92
2026-07-20,TICK0078,128.66
2026-07-20,TICK0079,164.12
2026-07-20,TICK0080,55.49
2026-07-20,TICK0081,370.65
2026-07-20,TICK0082,278.17
2026-07-20,TICK0083,246.25
2026-07-20,TICK0084,88.89
2026-07-20,TICK0085,499.53
2026-07-20,TICK0086,108.82
2026-07-20,TICK0087,169.37
2026-07-20,TICK0088,574.1
2026-07-20,TICK0089,257.08
2026-07-20,TICK0090,291.26
2026-07-20,TICK0091,157.66
2026-07-20,TICK0092,450.54
2026-07-20,TICK0093,114.98
2026-07-20,TICK0094,27.48
2026-07-20,TICK0095,96.4
2026-07-20,TICK0096,47.9
2026-07-20,TICK0097,275.23
2026-07-20,TICK0098,169.23
2026-07-20,TICK0099,88.69
2026-07-20,TICK0100,471.68
2026-07-20,TICK0101,361.8
2026-07-20,TICK0102,282.36
2026-07-20,TICK0103,372.72
2026-07-20,TICK0104,290.67
2026-07-20,TICK0105,326.14
2026-07-20,TICK0106,225.66
2026-07-20,TICK0107,132.31
2026-07-20,TICK0108,462.29
2026-07-20,TICK0109,329.19
2026-07-20,TICK0110,41.86
2026-07-20,TICK0111,443.45
2026-07-20,TICK0112,205.78
2026-07-20,TICK0113,201.35
2026-07-20,TICK0114,206.6
2026-07-20,TICK0115,191.68
2026-07-20,TICK0116,226.5
2026-07-20,TICK0117,226.72
2026-07-20,TICK0118,155.32
2026-07-20,TICK0119,142.27
2026-07-20,TICK0120,482.77
2026-07-20,TICK0121,178.07
2026-07-20,TICK0122,9.73
2026-07-20,TICK0123,153.58
2026-07-20,TICK0124,128.04
2026-07-20,TICK0125,43.69
2026-07-20,TICK0126,446.32
2026-07-20,TICK0127,197.52
2026-07-20,TICK0128,234.65
2026-07-20,TICK0129,108.99
2026-07-20,TICK0130,352.54
2026-07-20,TICK0131,221.52
2026-07-20,TICK0132,18.31
2026-07-20,TICK0133,83.29
2026-07-20,TICK0134,498.43
2026-07-20,TICK0135,330.12
2026-07-20,TICK0136,383.24
2026-07-20,TICK0137,128.74
2026-07-20,TICK0138,349.28
2026-07-20,TICK0139,44.08
2026-07-20,TICK0140,320.36
2026-07-20,TICK0141,15.32
2026-07-20,TICK0142,469.68
2026-07-20,TICK0143,69.32
2026-07-20,TICK0144,283.97
2026-07-20,TICK0145,280.94
2026-07-20,TICK0146,412.19
2026-07-20,TICK0147,474.36
2026-07-20,TICK0148,400.12
2026-07-20,TICK0149,466.45
2026-07-20,TICK0150,290.25
2026-07-20,TICK0151,426.86
2026-07-20,TICK0152,266.18
2026-07-20,TICK0153,122.99
2026-07-20,TICK0154,18.03
2026-07-20,TICK0155,269.83
2026-07-20,TICK0156,218.2
2026-07-20,TICK0157,357.5
2026-07-20,TICK0158,51.03
2026-07-20,TICK0159,280.62
2026-07-20,TICK0160,66.23
2026-07-20,TICK0161,366.51
2026-07-20,TICK0162,349.18
2026-07-20,TICK0163,359.47
2026-07-20,TICK0164,303.19
2026-07-20,TICK0165,437.19
2026-07-20,TICK0166,482.82
2026-07-20,TICK0167,246.7
2026-07-20,TICK0168,393.13
2026-07-20,TICK0169,340.13
2026-07-20,TICK0170,303.38
2026-07-20,TICK0171,369.54
2026-07-20,TICK0172,394.56
2026-07-20,TICK0173,234.09
2026-07-20,TICK0174,48.15
2026-07-20,TICK0175,55.45
2026-07-20,TICK0176,281.79
2026-07-20,TICK0177,387.42
2026-07-20,TICK0178,56.27
2026-07-20,TICK0179,149.7
2026-07-20,TICK0180,377.04
2026-07-20,TICK0181,394.21
2026-07-20,TICK0182,324.93
2026-07-20,TICK0183,460.35
2026-07-20,TICK0184,418.63
2026-07-20,TICK0185,246.54
2026-07-20,TICK0186,226.58
2026-07-20,TICK0187,231.53
2026-07-20,TICK0188,497.08
2026-07-20,TICK0189,89.03
2026-07-20,TICK0190,36.28
2026-07-20,TICK0191,142.08
2026-07-20,TICK0192,311.48
2026-07-20,TICK0193,343.58
2026-07-20,TICK0194,557.23
2026-07-20,TICK0195,10.61
2026-07-20,TICK0196,309.36
2026-07-20,TICK0197,216.01
2026-07-20,TICK0198,185.27
2026-07-20,TICK0199,153.48
2026-07-20,TICK0200,434.47
2026-07-21,TICK0001,178.53
2026-07-21,TICK0002,424.18
2026-07-21,TICK0003,390.0
2026-07-21,TICK0004,62.5
2026-07-21,TICK0005,337.16
2026-07-21,TICK0006,54.08
2026-07-21,TICK0007,525.82
2026-07-21,TICK0008,395.49
2026-07-21,TICK0009,205.36
2026-07-21,TICK0010,308.78
2026-07-21,TICK0011,455.14
2026-07-21,TICK0012,411.73
2026-07-21,TICK0013,246.18
2026-07-21,TICK0014,468.74
2026-07-21,TICK0015,459.36
2026-07-21,TICK0016,351.32
2026-07-21,TICK0017,49.88
2026-07-21,TICK0018,248.0
2026-07-21,TICK0019,460.78
2026-07-21,TICK0020,180.72
2026-07-21,TICK0021,273.92
2026-07-21,TICK0022,228.85
2026-07-21,TICK0023,412.25
2026-07-21,TICK0024,191.1
2026-07-21,TICK0025,326.8
2026-07-21,TICK0026,422.69
2026-07-21,TICK0027,477.54
2026-07-21,TICK0028,63.3
2026-07-21,TICK0029,113.25
2026-07-21,TICK0030,501.74
2026-07-21,TICK0031,154.11
2026-07-21,TICK0032,28.2
2026-07-21,TICK0033,401.5
2026-07-21,TICK0034,441.52
2026-07-21,TICK0035,236.94
2026-07-21,TICK0036,446.11
2026-07-21,TICK0037,116.52
2026-07-21,TICK0038,363.4
2026-07-21,TICK0039,463.2
2026-07-21,TICK0040,301.62
2026-07-21,TICK0041,462.44
2026-07-21,TICK0042,500.89
2026-07-21,TICK0043,475.24
2026-07-21,TICK0044,257.38
2026-07-21,TICK0045,16.77
2026-07-21,TICK0046,274.4
2026-07-21,TICK0047,382.78
2026-07-21,TICK0048,408.84
2026-07-21,TICK0049,465.92
2026-07-21,TICK0050,383.3
2026-07-21,TICK0051,211.82
2026-07-21,TICK0052,265.83
2026-07-21,TICK0053,39.54
2026-07-21,TICK0054,334.0
2026-07-21,TICK0055,392.99
2026-07-21,TICK0056,444.51
2026-07-21,TICK0057,376.44
2026-07-21,TICK0058,244.55
2026-07-21,TICK0059,296.82
2026-07-21,TICK0060,328.44
2026-07-21,TICK0061,72.13
2026-07-21,TICK0062,44.65
2026-07-21,TICK0063,281.77
2026-07-21,TICK0064,453.2
2026-07-21,TICK0065,473.88
2026-07-21,TICK0066,38.42
2026-07-21,TICK0067,401.74
2026-07-21,TICK0068,348.01
2026-07-21,TICK0069,68.31
2026-07-21,TICK0070,132.55
2026-07-21,TICK0071,130.35
2026-07-21,TICK0072,323.07
2026-07-21,TICK0073,204.68
2026-07-21,TICK0074,96.39
2026-07-21,TICK0075,200.7
2026-07-21,TICK0076,520.47
2026-07-21,TICK0077,345.77
2026-07-21,TICK0078,127.63
2026-07-21,TICK0079,160.2
2026-07-21,TICK0080,54.87
2026-07-21,TICK0081,373.74
2026-07-21,TICK0082,286.81
2026-07-21,TICK0083,246.3
2026-07-21,TICK0084,87.15
2026-07-21,TICK0085,510.1
2026-07-21,TICK0086,107.36
2026-07-21,TICK0087,171.11
2026-07-21,TICK0088,567.16
2026-07-21,TICK0089,260.4
2026-07-21,TICK0090,290.55
2026-07-21,TICK0091,155.69
2026-07-21,TICK0092,465.63
2026-07-21,TICK0093,115.52
2026-07-21,TICK0094,26.63
2026-07-21,TICK0095,94.73
2026-07-21,TICK0096,48.73
2026-07-21,TICK0097,271.04
2026-07-21,TICK0098,168.22
2026-07-21,TICK0099,87.29
2026-07-21,TICK0100,470.46
2026-07-21,TICK0101,355.72
2026-07-21,TICK0102,285.98
2026-07-21,TICK0103,370.69
2026-07-21,TICK0104,295.89
2026-07-21,TICK0105,327.28
2026-07-21,TICK0106,222.73
2026-07-21,TICK0107,134.73
2026-07-21,TICK0108,454.8
2026-07-21,TICK0109,319.06
2026-07-21,TICK0110,42.41
2026-07-21,TICK0111,435.13
2026-07-21,TICK0112,205.48
2026-07-21,TICK0113,199.01
2026-07-21,TICK0114,210.43
2026-07-21,TICK0115,187.06
2026-07-21,TICK0116,227.64
2026-07-21,TICK0117,226.77
2026-07-21,TICK0118,156.34
2026-07-21,TICK0119,144.04
2026-07-21,TICK0120,490.58
2026-07-21,TICK0121,178.33
2026-07-21,TICK0122,9.78
2026-07-21,TICK0123,154.73
2026-07-21,TICK0124,127.3
2026-07-21,TICK0125,43.48
2026-07-21,TICK0126,434.06
2026-07-21,TICK0127,195.62
2026-07-21,TICK0128,233.24
2026-07-21,TICK0129,106.93
2026-07-21,TICK0130,350.03
2026-07-21,TICK0131,224.47
2026-07-21,TICK0132,17.98
2026-07-21,TICK0133,82.17
2026-07-21,TICK0134,505.69
2026-07-21,TICK0135,331.29
2026-07-21,TICK0136,385.59
2026-07-21,TICK0137,130.87
2026-07-21,TICK0138,351.94
2026-07-21,TICK0139,44.28
2026-07-21,TICK0140,320.64
2026-07-21,TICK0141,15.4
2026-07-21,TICK0142,476.78
2026-07-21,TICK0143,68.77
2026-07-21,TICK0144,289.02
2026-07-21,TICK0145,277.33
2026-07-21,TICK0146,407.3
2026-07-21,TICK0147,481.37
2026-07-21,TICK0148,396.97
2026-07-21,TICK0149,475.14
2026-07-21,TICK0150,290.55
2026-07-21,TICK0151,425.45
2026-07-21,TICK0152,269.0
2026-07-21,TICK0153,123.92
2026-07-21,TICK0154,17.67
2026-07-21,TICK0155,268.25
2026-07-21,TICK0156,211.53
2026-07-21,TICK0157,355.55
2026-07-21,TICK0158,50.51
2026-07-21,TICK0159,281.53
2026-07-21,TICK0160,67.3
2026-07-21,TICK0161,378.7
2026-07-21,TICK0162,341.54
2026-07-21,TICK0163,366.79
2026-07-21,TICK0164,313.19
2026-07-21,TICK0165,439.28
2026-07-21,TICK0166,489.35
2026-07-21,TICK0167,248.93
2026-07-21,TICK0168,392.12
2026-07-21,TICK0169,339.03
2026-07-21,TICK0170,316.8
2026-07-21,TICK0171,361.15
2026-07-21,TICK0172,404.21
2026-07-21,TICK0173,236.43
2026-07-21,TICK0174,48.28
2026-07-21,TICK0175,55.02
2026-07-21,TICK0176,280.97
2026-07-21,TICK0177,391.45
2026-07-21,TICK0178,55.88
2026-07-21,TICK0179,147.97
2026-07-21,TICK0180,370.15
2026-07-21,TICK0181,387.09
2026-07-21,TICK0182,323.95
2026-07-21,TICK0183,461.86
2026-07-21,TICK0184,418.76
2026-07-21,TICK0185,250.95
2026-07-21,TICK0186,224.02
2026-07-21,TICK0187,225.83
2026-07-21,TICK0188,484.15
2026-07-21,TICK0189,88.86
2026-07-21,TICK0190,36.62
2026-07-21,TICK0191,139.15
2026-07-21,TICK0192,315.27
2026-07-21,TICK0193,350.04
2026-07-21,TICK0194,563.08
2026-07-21,TICK0195,10.39
2026-07-21,TICK0196,313.23
2026-07-21,TICK0197,214.95
2026-07-21,TICK0198,183.67
2026-07-21,TICK0199,151.2
2026-07-21,TICK0200,441.96
2026-07-22,TICK0001,177.19
2026-07-22,TICK0002,430.19
2026-07-22,TICK0003,387.58
2026-07-22,TICK0004,62.8
2026-07-22,TICK0005,350.07
2026-07-22,TICK0006,54.76
2026-07-22,TICK0007,521.16
2026-07-22,TICK0008,399.33
2026-07-22,TICK0009,209.48
2026-07-22,TICK0010,306.24
2026-07-22,TICK0011,455.17
2026-07-22,TICK0012,409.33
2026-07-22,TICK0013,242.17
2026-07-22,TICK0014,475.67
2026-07-22,TICK0015,457.25
2026-07-22,TICK0016,352.46
2026-07-22,TICK0017,50.4
2026-07-22,TICK0018,243.84
2026-07-22,TICK0019,460.98
2026-07-22,TICK0020,178.26
2026-07-22,TICK0021,271.58
2026-07-22,TICK0022,229.26
2026-07-22,TICK0023,413.9
2026-07-22,TICK0024,190.61
2026-07-22,TICK0025,325.37
2026-07-22,TICK0026,425.68
2026-07-22,TICK0027,472.74
2026-07-22,TICK0028,62.79
2026-07-22,TICK0029,113.85
2026-07-22,TICK0030,503.49
2026-07-22,TICK0031,151.49
2026-07-22,TICK0032,27.93
2026-07-22,TICK0033,396.78
2026-07-22,TICK0034,445.89
2026-07-22,TICK0035,236.68
2026-07-22,TICK0036,432.83
2026-07-22,TICK0037,116.1
2026-07-22,TICK0038,375.96
2026-07-22,TICK0039,464.84
2026-07-22,TICK0040,301.09
2026-07-22,TICK0041,477.22
2026-07-22,TICK0042,508.18
2026-07-22,TICK0043,479.11
2026-07-22,TICK0044,261.03
2026-07-22,TICK0045,16.67
2026-07-22,TICK0046,276.74
2026-07-22,TICK0047,382.05
2026-07-22,TICK0048,411.35
2026-07-22,TICK0049,479.2
2026-07-22,TICK0050,376.94
2026-07-22,TICK0051,216.85
2026-07-22,TICK0052,266.23
2026-07-22,TICK0053,39.54
2026-07-22,TICK0054,339.0
2026-07-22,TICK0055,400.29
2026-07-22,TICK0056,450.25
2026-07-22,TICK0057,373.88
2026-07-22,TICK0058,245.32
2026-07-22,TICK0059,288.61
2026-07-22,TICK0060,330.29
2026-07-22,TICK0061,73.74
2026-07-22,TICK0062,44.46
2026-07-22,TICK0063,286.59
2026-07-22,TICK0064,455.23
2026-07-22,TICK0065,482.38
2026-07-22,TICK0066,37.67
2026-07-22,TICK0067,397.82
2026-07-22,TICK0068,349.65
2026-07-22,TICK0069,68.28
2026-07-22,TICK0070,131.94
2026-07-22,TICK0071,127.97
2026-07-22,TICK0072,322.81
2026-07-22,TICK0073,207.66
2026-07-22,TICK0074,94.75
2026-07-22,TICK0075,200.52
2026-07-22,TICK0076,523.86
2026-07-22,TICK0077,345.05
2026-07-22,TICK0078,127.13
2026-07-22,TICK0079,159.17
2026-07-22,TICK0080,54.91
2026-07-22,TICK0081,367.99
2026-07-22,TICK0082,282.0
2026-07-22,TICK0083,241.55
2026-07-22,TICK0084,86.9
2026-07-22,TICK0085,513.37
2026-07-22,TICK0086,109.83
2026-07-22,TICK0087,170.39
2026-07-22,TICK0088,580.31
2026-07-22,TICK0089,262.4
2026-07-22,TICK0090,283.86
2026-07-22,TICK0091,155.67
2026-07-22,TICK0092,464.61
2026-07-22,TICK0093,116.19
2026-07-22,TICK0094,27.32
2026-07-22,TICK0095,96.38
2026-07-22,TICK0096,47.93
2026-07-22,TICK0097,270.7
2026-07-22,TICK0098,171.16
2026-07-22,TICK0099,84.97
2026-07-22,TICK0100,472.74
2026-07-22,TICK0101,357.63
2026-07-22,TICK0102,284.45
2026-07-22,TICK0103,377.34
2026-07-22,TICK0104,290.72
2026-07-22,TICK0105,327.73
2026-07-22,TICK0106,221.51
2026-07-22,TICK0107,137.06
2026-07-22,TICK0108,460.59
2026-07-22,TICK0109,315.84
2026-07-22,TICK0110,42.5
2026-07-22,TICK0111,445.2
2026-07-22,TICK0112,203.04
2026-07-22,TICK0113,199.35
2026-07-22,TICK0114,207.7
2026-07-22,TICK0115,188.32
2026-07-22,TICK0116,228.35
2026-07-22,TICK0117,230.73
2026-07-22,TICK0118,156.99
2026-07-22,TICK0119,143.14
2026-07-22,TICK0120,501.37
2026-07-22,TICK0121,182.79
2026-07-22,TICK0122,9.78
2026-07-22,TICK0123,153.68
2026-07-22,TICK0124,127.84
2026-07-22,TICK0125,44.02
2026-07-22,TICK0126,428.35
2026-07-22,TICK0127,192.93
2026-07-22,TICK0128,236.49
2026-07-22,TICK0129,107.56
2026-07-22,TICK0130,353.43
2026-07-22,TICK0131,224.41
2026-07-22,TICK0132,18.27
2026-07-22,TICK0133,80.68
2026-07-22,TICK0134,507.37
2026-07-22,TICK0135,337.63
2026-07-22,TICK0136,387.19
2026-07-22,TICK0137,132.67
2026-07-22,TICK0138,351.7
2026-07-22,TICK0139,44.31
2026-07-22,TICK0140,312.3
2026-07-22,TICK0141,15.93
2026-07-22,TICK0142,481.49
2026-07-22,TICK0143,68.71
2026-07-22,TICK0144,287.9
2026-07-22,TICK0145,275.96
2026-07-22,TICK0146,413.96
2026-07-22,TICK0147,480.67
2026-07-22,TICK0148,400.95
2026-07-22,TICK0149,475.15
2026-07-22,TICK0150,289.26
2026-07-22,TICK0151,442.38
2026-07-22,TICK0152,273.51
2026-07-22,TICK0153,124.96
2026-07-22,TICK0154,17.86
2026-07-22,TICK0155,269.37
2026-07-22,TICK0156,213.92
2026-07-22,TICK0157,356.39
2026-07-22,TICK0158,49.5
2026-07-22,TICK0159,279.8
2026-07-22,TICK0160,66.94
2026-07-22,TICK0161,385.59
2026-07-22,TICK0162,334.57
2026-07-22,TICK0163,373.98
2026-07-22,TICK0164,310.02
2026-07-22,TICK0165,439.39
2026-07-22,TICK0166,481.22
2026-07-22,TICK0167,251.47
2026-07-22,TICK0168,385.56
2026-07-22,TICK0169,346.42
2026-07-22,TICK0170,311.77
2026-07-22,TICK0171,358.49
2026-07-22,TICK0172,406.82
2026-07-22,TICK0173,236.81
2026-07-22,TICK0174,49.13
2026-07-22,TICK0175,55.48
2026-07-22,TICK0176,285.74
2026-07-22,TICK0177,390.72
2026-07-22,TICK0178,56.81
2026-07-22,TICK0179,146.25
2026-07-22,TICK0180,375.51
2026-07-22,TICK0181,387.12
2026-07-22,TICK0182,328.73
2026-07-22,TICK0183,461.18
2026-07-22,TICK0184,409.55
2026-07-22,TICK0185,258.54
2026-07-22,TICK0186,222.04
2026-07-22,TICK0187,224.14
2026-07-22,TICK0188,484.94
2026-07-22,TICK0189,87.75
2026-07-22,TICK0190,36.09
2026-07-22,TICK0191,138.17
2026-07-22,TICK0192,306.48
2026-07-22,TICK0193,350.11
2026-07-22,TICK0194,545.0
2026-07-22,TICK0195,10.3
2026-07-22,TICK0196,317.13
2026-07-22,TICK0197,216.72
2026-07-22,TICK0198,184.34
2026-07-22,TICK0199,153.12
2026-07-22,TICK0200,441.03
2026-07-23,TICK0001,175.63
2026-07-23,TICK0002,424.86
2026-07-23,TICK0003,390.57
2026-07-23,TICK0004,62.78
2026-07-23,TICK0005,348.44
2026-07-23,TICK0006,54.79
2026-07-23,TICK0007,523.64
2026-07-23,TICK0008,387.28
2026-07-23,TICK0009,209.12
2026-07-23,TICK0010,309.74
2026-07-23,TICK0011,440.99
2026-07-23,TICK0012,410.79
2026-07-23,TICK0013,243.46
2026-07-23,TICK0014,480.36
2026-07-23,TICK0015,454.28
2026-07-23,TICK0016,348.53
2026-07-23,TICK0017,50.7
2026-07-23,TICK0018,245.83
2026-07-23,TICK0019,459.42
2026-07-23,TICK0020,180.62
2026-07-23,TICK0021,275.11
2026-07-23,TICK0022,228.43
2026-07-23,TICK0023,424.2
2026-07-23,TICK0024,190.7
2026-07-23,TICK0025,325.9
2026-07-23,TICK0026,425.32
2026-07-23,TICK0027,469.22
2026-07-23,TICK0028,62.2
2026-07-23,TICK0029,116.13
2026-07-23,TICK0030,505.47
2026-07-23,TICK0031,151.26
2026-07-23,TICK0032,27.75
2026-07-23,TICK0033,407.64
2026-07-23,TICK0034,442.75
2026-07-23,TICK0035,239.59
2026-07-23,TICK0036,438.86
2026-07-23,TICK0037,116.71
2026-07-23,TICK0038,368.2
2026-07-23,TICK0039,466.05
2026-07-23,TICK0040,301.35
2026-07-23,TICK0041,468.92
2026-07-23,TICK0042,502.29
2026-07-23,TICK0043,461.06
2026-07-23,TICK0044,255.73
2026-07-23,TICK0045,16.65
2026-07-23,TICK0046,278.69
2026-07-23,TICK0047,387.22
2026-07-23,TICK0048,404.05
2026-07-23,TICK0049,491.02
2026-07-23,TICK0050,377.81
2026-07-23,TICK0051,215.18
2026-07-23,TICK0052,262.0
2026-07-23,TICK0053,40.17
2026-07-23,TICK0054,345.11
2026-07-23,TICK0055,400.6
2026-07-23,TICK0056,446.73
2026-07-23,TICK0057,369.84
2026-07-23,TICK0058,242.63
2026-07-23,TICK0059,292.27
2026-07-23,TICK0060,324.69
2026-07-23,TICK0061,73.48
2026-07-23,TICK0062,44.93
2026-07-23,TICK0063,284.73
2026-07-23,TICK0064,458.88
2026-07-23,TICK0065,486.71
2026-07-23,TICK0066,35.97
2026-07-23,TICK0067,396.95
2026-07-23,TICK0068,352.98
2026-07-23,TICK0069,70.37
2026-07-23,TICK0070,134.5
2026-07-23,TICK0071,128.85
2026-07-23,TICK0072,333.05
2026-07-23,TICK0073,210.13
2026-07-23,TICK0074,95.72
2026-07-23,TICK0075,203.83
2026-07-23,TICK0076,527.83
2026-07-23,TICK0077,352.3
2026-07-23,TICK0078,130.35
2026-07-23,TICK0079,163.21
2026-07-23,TICK0080,55.49
2026-07-23,TICK0081,368.82
2026-07-23,TICK0082,284.06
2026-07-23,TICK0083,245.28
2026-07-23,TICK0084,85.88
2026-07-23,TICK0085,519.26
2026-07-23,TICK0086,110.7
2026-07-23,TICK0087,169.23
2026-07-23,TICK0088,584.78
2026-07-23,TICK0089,258.6
2026-07-23,TICK0090,281.82
2026-07-23,TICK0091,151.29
2026-07-23,TICK0092,466.76
2026-07-23,TICK0093,118.57
2026-07-23,TICK0094,27.21
2026-07-23,TICK0095,96.88
2026-07-23,TICK0096,47.35
2026-07-23,TICK0097,271.36
2026-07-23,TICK0098,166.4
2026-07-23,TICK0099,86.46
2026-07-23,TICK0100,472.43
2026-07-23,TICK0101,355.7
2026-07-23,TICK0102,272.1
2026-07-23,TICK0103,380.14
2026-07-23,TICK0104,298.04
2026-07-23,TICK0105,335.77
2026-07-23,TICK0106,222.33
2026-07-23,TICK0107,135.46
2026-07-23,TICK0108,467.0
2026-07-23,TICK0109,311.51
2026-07-23,TICK0110,41.51
2026-07-23,TICK0111,446.17
2026-07-23,TICK0112,201.9
2026-07-23,TICK0113,196.06
2026-07-23,TICK0114,213.08
2026-07-23,TICK0115,190.09
2026-07-23,TICK0116,224.04
2026-07-23,TICK0117,226.85
2026-07-23,TICK0118,156.23
2026-07-23,TICK0119,144.04
2026-07-23,TICK0120,494.58
2026-07-23,TICK0121,185.28
2026-07-23,TICK0122,9.67
2026-07-23,TICK0123,151.85
2026-07-23,TICK0124,127.77
2026-07-23,TICK0125,43.29
2026-07-23,TICK0126,428.03
2026-07-23,TICK0127,192.63
2026-07-23,TICK0128,238.44
2026-07-23,TICK0129,109.38
2026-07-23,TICK0130,353.62
2026-07-23,TICK0131,227.57
2026-07-23,TICK0132,18.43
2026-07-23,TICK0133,81.93
2026-07-23,TICK0134,509.81
2026-07-23,TICK0135,328.27
2026-07-23,TICK0136,394.73
2026-07-23,TICK0137,136.66
2026-07-23,TICK0138,357.45
2026-07-23,TICK0139,44.84
2026-07-23,TICK0140,314.68
2026-07-23,TICK0141,15.46
2026-07-23,TICK0142,464.46
2026-07-23,TICK0143,69.83
2026-07-23,TICK0144,286.49
2026-07-23,TICK0145,277.6
2026-07-23,TICK0146,400.57
2026-07-23,TICK0147,489.55
2026-07-23,TICK0148,394.6
2026-07-23,TICK0149,487.9
2026-07-23,TICK0150,294.29
2026-07-23,TICK0151,441.39
2026-07-23,TICK0152,277.1
2026-07-23,TICK0153,126.05
2026-07-23,TICK0154,18.0
2026-07-23,TICK0155,274.92
2026-07-23,TICK0156,215.59
2026-07-23,TICK0157,356.73
2026-07-23,TICK0158,49.45
2026-07-23,TICK0159,283.0
2026-07-23,TICK0160,68.31
2026-07-23,TICK0161,378.39
2026-07-23,TICK0162,341.56
2026-07-23,TICK0163,372.31
2026-07-23,TICK0164,317.64
2026-07-23,TICK0165,434.91
2026-07-23,TICK0166,475.78
2026-07-23,TICK0167,250.25
2026-07-23,TICK0168,387.21
2026-07-23,TICK0169,341.86
2026-07-23,TICK0170,309.82
2026-07-23,TICK0171,354.18
2026-07-23,TICK0172,399.47
2026-07-23,TICK0173,237.48
2026-07-23,TICK0174,48.74
2026-07-23,TICK0175,56.04
2026-07-23,TICK0176,283.55
2026-07-23,TICK0177,402.52
2026-07-23,TICK0178,58.49
2026-07-23,TICK0179,150.23
2026-07-23,TICK0180,385.1
2026-07-23,TICK0181,384.42
2026-07-23,TICK0182,330.86
2026-07-23,TICK0183,467.87
2026-07-23,TICK0184,406.64
2026-07-23,TICK0185,259.7
2026-07-23,TICK0186,220.59
2026-07-23,TICK0187,227.43
2026-07-23,TICK0188,473.21
2026-07-23,TICK0189,90.19
2026-07-23,TICK0190,35.35
2026-07-23,TICK0191,137.9
2026-07-23,TICK0192,309.51
2026-07-23,TICK0193,355.28
2026-07-23,TICK0194,548.76
2026-07-23,TICK0195,10.01
2026-07-23,TICK0196,321.73
2026-07-23,TICK0197,218.91
2026-07-23,TICK0198,181.25
2026-07-23,TICK0199,150.46
2026-07-23,TICK0200,440.04
2026-07-24,TICK0001,178.16
2026-07-24,TICK0002,422.98
2026-07-24,TICK0003,397.43
2026-07-24,TICK0004,61.69
2026-07-24,TICK0005,347.43
2026-07-24,TICK0006,55.99
2026-07-24,TICK0007,525.77
2026-07-24,TICK0008,388.44
2026-07-24,TICK0009,207.7
2026-07-24,TICK0010,312.64
2026-07-24,TICK0011,452.79
2026-07-24,TICK0012,410.95
2026-07-24,TICK0013,243.19
2026-07-24,TICK0014,490.32
2026-07-24,TICK0015,451.13
2026-07-24,TICK0016,341.16
2026-07-24,TICK0017,50.65
2026-07-24,TICK0018,251.19
2026-07-24,TICK0019,465.18
2026-07-24,TICK0020,184.33
2026-07-24,TICK0021,265.58
2026-07-24,TICK0022,233.63
2026-07-24,TICK0023,417.88
2026-07-24,TICK0024,191.73
2026-07-24,TICK0025,326.84
2026-07-24,TICK0026,414.81
2026-07-24,TICK0027,451.82
2026-07-24,TICK0028,63.32
2026-07-24,TICK0029,114.19
2026-07-24,TICK0030,517.53
2026-07-24,TICK0031,152.73
2026-07-24,TICK0032,26.97
2026-07-24,TICK0033,409.91
2026-07-24,TICK0034,453.29
2026-07-24,TICK0035,235.16
2026-07-24,TICK0036,441.23
2026-07-24,TICK0037,119.25
2026-07-24,TICK0038,359.18
2026-07-24,TICK0039,459.59
2026-07-24,TICK0040,300.75
2026-07-24,TICK0041,460.34
2026-07-24,TICK0042,492.36
2026-07-24,TICK0043,461.59
2026-07-24,TICK0044,254.92
2026-07-24,TICK0045,16.88
2026-07-24,TICK0046,287.79
2026-07-24,TICK0047,391.57
2026-07-24,TICK0048,406.82
2026-07-24,TICK0049,498.16
2026-07-24,TICK0050,367.86
2026-07-24,TICK0051,215.18
2026-07-24,TICK0052,250.57
2026-07-24,TICK0053,40.48
2026-07-24,TICK0054,358.58
2026-07-24,TICK0055,401.5
2026-07-24,TICK0056,446.21
2026-07-24,TICK0057,370.11
2026-07-24,TICK0058,237.88
2026-07-24,TICK0059,291.53
2026-07-24,TICK0060,325.28
2026-07-24,TICK0061,72.15
2026-07-24,TICK0062,44.72
2026-07-24,TICK0063,279.33
2026-07-24,TICK0064,463.42
2026-07-24,TICK0065,490.09
2026-07-24,TICK0066,36.08
2026-07-24,TICK0067,402.65
2026-07-24,TICK0068,347.02
2026-07-24,TICK0069,70.61
2026-07-24,TICK0070,135.66
2026-07-24,TICK0071,129.6
2026-07-24,TICK0072,331.88
2026-07-24,TICK0073,209.26
2026-07-24,TICK0074,96.4
2026-07-24,TICK0075,206.7
2026-07-24,TICK0076,523.77
2026-07-24,TICK0077,358.43
2026-07-24,TICK0078,133.0
2026-07-24,TICK0079,162.04
2026-07-24,TICK0080,55.32
2026-07-24,TICK0081,369.8
2026-07-24,TICK0082,280.17
2026-07-24,TICK0083,244.44
2026-07-24,TICK0084,85.81
2026-07-24,TICK0085,524.22
2026-07-24,TICK0086,112.43
2026-07-24,TICK0087,170.9
2026-07-24,TICK0088,572.62
2026-07-24,TICK0089,270.53
2026-07-24,TICK0090,280.68
2026-07-24,TICK0091,150.43
2026-07-24,TICK0092,456.24
2026-07-24,TICK0093,119.82
2026-07-24,TICK0094,27.33
2026-07-24,TICK0095,97.67
2026-07-24,TICK0096,46.92
2026-07-24,TICK0097,268.65
2026-07-24,TICK0098,165.46
2026-07-24,TICK0099,88.14
2026-07-24,TICK0100,481.16
2026-07-24,TICK0101,353.06
2026-07-24,TICK0102,270.63
2026-07-24,TICK0103,376.25
2026-07-24,TICK0104,304.91
2026-07-24,TICK0105,345.66
2026-07-24,TICK0106,224.53
2026-07-24,TICK0107,134.68
2026-07-24,TICK0108,456.26
2026-07-24,TICK0109,310.45
2026-07-24,TICK0110,41.01
2026-07-24,TICK0111,442.31
2026-07-24,TICK0112,200.69
2026-07-24,TICK0113,201.31
2026-07-24,TICK0114,207.53
2026-07-24,TICK0115,195.2
2026-07-24,TICK0116,225.05
2026-07-24,TICK0117,229.48
2026-07-24,TICK0118,157.13
2026-07-24,TICK0119,142.51
2026-07-24,TICK0120,488.47
2026-07-24,TICK0121,180.67
2026-07-24,TICK0122,9.79
2026-07-24,TICK0123,152.08
2026-07-24,TICK0124,128.15
2026-07-24,TICK0125,44.04
2026-07-24,TICK0126,431.56
2026-07-24,TICK0127,197.48
2026-07-24,TICK0128,240.02
2026-07-24,TICK0129,111.88
2026-07-24,TICK0130,346.23
2026-07-24,TICK0131,235.14
2026-07-24,TICK0132,18.24
2026-07-24,TICK0133,82.89
2026-07-24,TICK0134,501.53
2026-07-24,TICK0135,328.89
2026-07-24,TICK0136,380.44
2026-07-24,TICK0137,141.36
2026-07-24,TICK0138,358.65
2026-07-24,TICK0139,44.1
2026-07-24,TICK0140,316.56
2026-07-24,TICK0141,15.45
2026-07-24,TICK0142,478.78
2026-07-24,TICK0143,69.37
2026-07-24,TICK0144,288.69
2026-07-24,TICK0145,274.3
2026-07-24,TICK0146,393.47
2026-07-24,TICK0147,491.51
2026-07-24,TICK0148,404.85
2026-07-24,TICK0149,484.63
2026-07-24,TICK0150,281.82
2026-07-24,TICK0151,432.38
2026-07-24,TICK0152,278.2
2026-07-24,TICK0153,125.02
2026-07-24,TICK0154,18.14
2026-07-24,TICK0155,275.09
2026-07-24,TICK0156,215.45
2026-07-24,TICK0157,364.78
2026-07-24,TICK0158,48.21
2026-07-24,TICK0159,282.32
2026-07-24,TICK0160,69.64
2026-07-24,TICK0161,382.93
2026-07-24,TICK0162,342.22
2026-07-24,TICK0163,379.24
2026-07-24,TICK0164,319.53
2026-07-24,TICK0165,434.64
2026-07-24,TICK0166,476.36
2026-07-24,TICK0167,250.82
2026-07-24,TICK0168,375.24
2026-07-24,TICK0169,334.12
2026-07-24,TICK0170,311.82
2026-07-24,TICK0171,352.12
2026-07-24,TICK0172,407.72
2026-07-24,TICK0173,234.09
2026-07-24,TICK0174,49.41
2026-07-24,TICK0175,55.15
2026-07-24,TICK0176,281.37
2026-07-24,TICK0177,409.48
2026-07-24,TICK0178,58.9
2026-07-24,TICK0179,152.2
2026-07-24,TICK0180,394.82
2026-07-24,TICK0181,378.02
2026-07-24,TICK0182,332.03
2026-07-24,TICK0183,473.76
2026-07-24,TICK0184,397.96
2026-07-24,TICK0185,260.3
2026-07-24,TICK0186,216.61
2026-07-24,TICK0187,225.17
2026-07-24,TICK0188,455.51
2026-07-24,TICK0189,91.01
2026-07-24,TICK0190,34.41
2026-07-24,TICK0191,134.43
2026-07-24,TICK0192,304.47
2026-07-24,TICK0193,358.96
2026-07-24,TICK0194,543.62
2026-07-24,TICK0195,9.93
2026-07-24,TICK0196,327.68
2026-07-24,TICK0197,219.42
2026-07-24,TICK0198,182.23
2026-07-24,TICK0199,147.69
2026-07-24,TICK0200,443.03
2026-07-27,TICK0001,178.97
2026-07-27,TICK0002,425.16
2026-07-27,TICK0003,399.04
2026-07-27,TICK0004,62.76
2026-07-27,TICK0005,340.0
2026-07-27,TICK0006,55.78
2026-07-27,TICK0007,526.06
2026-07-27,TICK0008,384.66
2026-07-27,TICK0009,207.92
2026-07-27,TICK0010,312.6
2026-07-27,TICK0011,450.78
2026-07-27,TICK0012,411.64
2026-07-27,TICK0013,244.25
2026-07-27,TICK0014,483.32
2026-07-27,TICK0015,445.7
2026-07-27,TICK0016,337.92
2026-07-27,TICK0017,50.84
2026-07-27,TICK0018,241.93
2026-07-27,TICK0019,471.5
2026-07-27,TICK0020,185.51
2026-07-27,TICK0021,264.72
2026-07-27,TICK0022,224.39
2026-07-27,TICK0023,413.84
2026-07-27,TICK0024,190.22
2026-07-27,TICK0025,329.89
2026-07-27,TICK0026,417.56
2026-07-27,TICK0027,458.15
2026-07-27,TICK0028,64.68
2026-07-27,TICK0029,111.4
2026-07-27,TICK0030,516.9
2026-07-27,TICK0031,149.95
2026-07-27,TICK0032,26.79
2026-07-27,TICK0033,412.41
2026-07-27,TICK0034,445.05
2026-07-27,TICK0035,239.12
2026-07-27,TICK0036,447.92
2026-07-27,TICK0037,120.28
2026-07-27,TICK0038,364.76
2026-07-27,TICK0039,469.32
2026-07-27,TICK0040,305.16
2026-07-27,TICK0041,465.23
2026-07-27,TICK0042,478.9
2026-07-27,TICK0043,459.11
2026-07-27,TICK0044,250.5
2026-07-27,TICK0045,17.24
2026-07-27,TICK0046,285.07
2026-07-27,TICK0047,385.54
2026-07-27,TICK0048,414.21
2026-07-27,TICK0049,493.59
2026-07-27,TICK0050,369.72
2026-07-27,TICK0051,215.55
2026-07-27,TICK0052,252.26
2026-07-27,TICK0053,41.28
2026-07-27,TICK0054,361.77
2026-07-27,TICK0055,403.82
2026-07-27,TICK0056,448.52
2026-07-27,TICK0057,372.11
2026-07-27,TICK0058,235.74
2026-07-27,TICK0059,294.96
2026-07-27,TICK0060,325.19
2026-07-27,TICK0061,71.13
2026-07-27,TICK0062,45.51
2026-07-27,TICK0063,279.26
2026-07-27,TICK0064,467.37
2026-07-27,TICK0065,484.55
2026-07-27,TICK0066,37.06
2026-07-27,TICK0067,401.37
2026-07-27,TICK0068,352.5
2026-07-27,TICK0069,71.74
2026-07-27,TICK0070,133.42
2026-07-27,TICK0071,129.72
2026-07-27,TICK0072,330.16
2026-07-27,TICK0073,213.73
2026-07-27,TICK0074,93.92
2026-07-27,TICK0075,205.43
2026-07-27,TICK0076,506.96
2026-07-27,TICK0077,352.12
2026-07-27,TICK0078,130.43
2026-07-27,TICK0079,162.11
2026-07-27,TICK0080,56.22
2026-07-27,TICK0081,366.02
2026-07-27,TICK0082,282.56
2026-07-27,TICK0083,246.5
2026-07-27,TICK0084,87.42
2026-07-27,TICK0085,515.33
2026-07-27,TICK0086,111.34
2026-07-27,TICK0087,169.12
2026-07-27,TICK0088,575.89
2026-07-27,TICK0089,266.1
2026-07-27,TICK0090,279.65
2026-07-27,TICK0091,147.79
2026-07-27,TICK0092,466.44
2026-07-27,TICK0093,119.59
2026-07-27,TICK0094,27.32
2026-07-27,TICK0095,96.28
2026-07-27,TICK0096,46.56
2026-07-27,TICK0097,270.41
2026-07-27,TICK0098,165.97
2026-07-27,TICK0099,87.94
2026-07-27,TICK0100,467.18
2026-07-27,TICK0101,349.99
2026-07-27,TICK0102,266.47
2026-07-27,TICK0103,384.24
2026-07-27,TICK0104,308.34
2026-07-27,TICK0105,341.72
2026-07-27,TICK0106,223.85
2026-07-27,TICK0107,132.85
2026-07-27,TICK0108,467.23
2026-07-27,TICK0109,309.52
2026-07-27,TICK0110,40.98
2026-07-27,TICK0111,440.84
2026-07-27,TICK0112,199.29
2026-07-27,TICK0113,193.37
2026-07-27,TICK0114,208.93
2026-07-27,TICK0115,197.16
2026-07-27,TICK0116,222.29
2026-07-27,TICK0117,232.25
2026-07-27,TICK0118,156.87
2026-07-27,TICK0119,144.34
2026-07-27,TICK0120,487.54
2026-07-27,TICK0121,180.7
2026-07-27,TICK0122,9.82
2026-07-27,TICK0123,151.65
2026-07-27,TICK0124,126.89
2026-07-27,TICK0125,44.15
2026-07-27,TICK0126,417.43
2026-07-27,TICK0127,194.9
2026-07-27,TICK0128,239.06
2026-07-27,TICK0129,111.48
2026-07-27,TICK0130,341.19
2026-07-27,TICK0131,232.47
2026-07-27,TICK0132,17.82
2026-07-27,TICK0133,83.72
2026-07-27,TICK0134,495.01
2026-07-27,TICK0135,334.61
2026-07-27,TICK0136,366.9
2026-07-27,TICK0137,138.89
2026-07-27,TICK0138,359.85
2026-07-27,TICK0139,44.62
2026-07-27,TICK0140,314.68
2026-07-27,TICK0141,15.45
2026-07-27,TICK0142,481.0
2026-07-27,TICK0143,69.0
2026-07-27,TICK0144,282.87
2026-07-27,TICK0145,269.64
2026-07-27,TICK0146,387.89
2026-07-27,TICK0147,499.65
2026-07-27,TICK0148,399.49
2026-07-27,TICK0149,479.13
2026-07-27,TICK0150,281.81
2026-07-27,TICK0151,434.3
2026-07-27,TICK0152,277.29
2026-07-27,TICK0153,124.18
2026-07-27,TICK0154,18.14
2026-07-27,TICK0155,275.24
2026-07-27,TICK0156,210.98
2026-07-27,TICK0157,360.41
2026-07-27,TICK0158,48.36
2026-07-27,TICK0159,279.44
2026-07-27,TICK0160,71.4
2026-07-27,TICK0161,388.89
2026-07-27,TICK0162,344.29
2026-07-27,TICK0163,378.33
2026-07-27,TICK0164,321.98
2026-07-27,TICK0165,431.88
2026-07-27,TICK0166,483.8
2026-07-27,TICK0167,252.82
2026-07-27,TICK0168,374.8
2026-07-27,TICK0169,336.37
2026-07-27,TICK0170,314.69
2026-07-27,TICK0171,355.42
2026-07-27,TICK0172,404.1
2026-07-27,TICK0173,233.88
2026-07-27,TICK0174,48.21
2026-07-27,TICK0175,55.73
2026-07-27,TICK0176,278.21
2026-07-27,TICK0177,408.94
2026-07-27,TICK0178,58.98
2026-07-27,TICK0179,151.65
2026-07-27,TICK0180,402.15
2026-07-27,TICK0181,389.3
2026-07-27,TICK0182,325.76
2026-07-27,TICK0183,471.75
2026-07-27,TICK0184,402.18
2026-07-27,TICK0185,258.23
2026-07-27,TICK0186,209.48
2026-07-27,TICK0187,218.78
2026-07-27,TICK0188,457.64
2026-07-27,TICK0189,90.15
2026-07-27,TICK0190,33.27
2026-07-27,TICK0191,135.9
2026-07-27,TICK0192,310.25
2026-07-27,TICK0193,353.11
2026-07-27,TICK0194,557.21
2026-07-27,TICK0195,10.09
2026-07-27,TICK0196,338.57
2026-07-27,TICK0197,216.72
2026-07-27,TICK0198,179.82
2026-07-27,TICK0199,147.78
2026-07-27,TICK0200,437.24
2026-07-28,TICK0001,177.3
2026-07-28,TICK0002,431.47
2026-07-28,TICK0003,401.01
2026-07-28,TICK0004,63.48
2026-07-28,TICK0005,346.14
2026-07-28,TICK0006,58.07
2026-07-28,TICK0007,533.05
2026-07-28,TICK0008,389.66
2026-07-28,TICK0009,215.28
2026-07-28,TICK0010,313.21
2026-07-28,TICK0011,456.31
2026-07-28,TICK0012,406.95
2026-07-28,TICK0013,245.32
2026-07-28,TICK0014,488.39
2026-07-28,TICK0015,442.05
2026-07-28,TICK0016,332.51
2026-07-28,TICK0017,51.06
2026-07-28,TICK0018,239.09
2026-07-28,TICK0019,472.27
2026-07-28,TICK0020,190.77
2026-07-28,TICK0021,267.27
2026-07-28,TICK0022,228.11
2026-07-28,TICK0023,408.11
2026-07-28,TICK0024,188.03
2026-07-28,TICK0025,322.44
2026-07-28,TICK0026,418.95
2026-07-28,TICK0027,460.4
2026-07-28,TICK0028,64.14
2026-07-28,TICK0029,112.2
2026-07-28,TICK0030,519.16
2026-07-28,TICK0031,153.71
2026-07-28,TICK0032,25.83
2026-07-28,TICK0033,416.71
2026-07-28,TICK0034,435.36
2026-07-28,TICK0035,236.63
2026-07-28,TICK0036,428.55
2026-07-28,TICK0037,120.95
2026-07-28,TICK0038,378.19
2026-07-28,TICK0039,468.88
2026-07-28,TICK0040,315.33
2026-07-28,TICK0041,478.91
2026-07-28,TICK0042,482.64
2026-07-28,TICK0043,452.37
2026-07-28,TICK0044,243.78
2026-07-28,TICK0045,17.56
2026-07-28,TICK0046,289.1
2026-07-28,TICK0047,388.53
2026-07-28,TICK0048,410.5
2026-07-28,TICK0049,499.82
2026-07-28,TICK0050,368.97
2026-07-28,TICK0051,211.94
2026-07-28,TICK0052,255.73
2026-07-28,TICK0053,40.94
2026-07-28,TICK0054,363.61
2026-07-28,TICK0055,399.11
2026-07-28,TICK0056,449.89
2026-07-28,TICK0057,378.68
2026-07-28,TICK0058,235.66
2026-07-28,TICK0059,301.8
2026-07-28,TICK0060,324.24
2026-07-28,TICK0061,70.68
2026-07-28,TICK0062,45.77
2026-07-28,TICK0063,276.94
2026-07-28,TICK0064,468.09
2026-07-28,TICK0065,486.19
2026-07-28,TICK0066,37.76
2026-07-28,TICK0067,406.0
2026-07-28,TICK0068,352.17
2026-07-28,TICK0069,70.97
2026-07-28,TICK0070,133.94
2026-07-28,TICK0071,130.39
2026-07-28,TICK0072,327.02
2026-07-28,TICK0073,212.47
2026-07-28,TICK0074,92.99
2026-07-28,TICK0075,207.55
2026-07-28,TICK0076,515.4
2026-07-28,TICK0077,354.95
2026-07-28,TICK0078,132.08
2026-07-28,TICK0079,161.93
2026-07-28,TICK0080,58.23
2026-07-28,TICK0081,367.91
2026-07-28,TICK0082,278.72
2026-07-28,TICK0083,254.76
2026-07-28,TICK0084,86.84
2026-07-28,TICK0085,515.88
2026-07-28,TICK0086,112.79
2026-07-28,TICK0087,169.47
2026-07-28,TICK0088,557.87
2026-07-28,TICK0089,264.91
2026-07-28,TICK0090,278.7
2026-07-28,TICK0091,142.67
2026-07-28,TICK0092,458.36
2026-07-28,TICK0093,117.49
2026-07-28,TICK0094,27.15
2026-07-28,TICK0095,94.88
2026-07-28,TICK0096,45.83
2026-07-28,TICK0097,278.9
2026-07-28,TICK0098,167.12
2026-07-28,TICK0099,87.06
2026-07-28,TICK0100,468.28
2026-07-28,TICK0101,349.5
2026-07-28,TICK0102,260.0
2026-07-28,TICK0103,377.73
2026-07-28,TICK0104,316.64
2026-07-28,TICK0105,341.79
2026-07-28,TICK0106,220.96
2026-07-28,TICK0107,133.53
2026-07-28,TICK0108,471.35
2026-07-28,TICK0109,314.04
2026-07-28,TICK0110,40.94
2026-07-28,TICK0111,446.27
2026-07-28,TICK0112,195.58
2026-07-28,TICK0113,192.47
2026-07-28,TICK0114,210.46
2026-07-28,TICK0115,199.65
2026-07-28,TICK0116,220.2
2026-07-28,TICK0117,235.04
2026-07-28,TICK0118,157.97
2026-07-28,TICK0119,146.86
2026-07-28,TICK0120,489.89
2026-07-28,TICK0121,180.79
2026-07-28,TICK0122,9.83
2026-07-28,TICK0123,152.18
2026-07-28,TICK0124,129.14
2026-07-28,TICK0125,43.77
2026-07-28,TICK0126,416.5
2026-07-28,TICK0127,187.37
2026-07-28,TICK0128,234.52
2026-07-28,TICK0129,115.69
2026-07-28,TICK0130,342.27
2026-07-28,TICK0131,228.23
2026-07-28,TICK0132,17.79
2026-07-28,TICK0133,84.75
2026-07-28,TICK0134,508.46
2026-07-28,TICK0135,334.18
2026-07-28,TICK0136,364.24
2026-07-28,TICK0137,138.22
2026-07-28,TICK0138,354.03
2026-07-28,TICK0139,45.65
2026-07-28,TICK0140,319.49
2026-07-28,TICK0141,15.14
2026-07-28,TICK0142,475.49
2026-07-28,TICK0143,70.92
2026-07-28,TICK0144,283.88
2026-07-28,TICK0145,271.58
2026-07-28,TICK0146,380.1
2026-07-28,TICK0147,508.74
2026-07-28,TICK0148,400.88
2026-07-28,TICK0149,483.16
2026-07-28,TICK0150,281.42
2026-07-28,TICK0151,433.26
2026-07-28,TICK0152,274.95
2026-07-28,TICK0153,125.64
2026-07-28,TICK0154,18.26
2026-07-28,TICK0155,278.34
2026-07-28,TICK0156,208.78
2026-07-28,TICK0157,357.97
2026-07-28,TICK0158,48.34
2026-07-28,TICK0159,280.56
2026-07-28,TICK0160,71.74
2026-07-28,TICK0161,386.61
2026-07-28,TICK0162,332.89
2026-07-28,TICK0163,376.55
2026-07-28,TICK0164,313.87
2026-07-28,TICK0165,421.44
2026-07-28,TICK0166,487.54
2026-07-28,TICK0167,254.49
2026-07-28,TICK0168,374.96
2026-07-28,TICK0169,339.57
2026-07-28,TICK0170,319.27
2026-07-28,TICK0171,346.29
2026-07-28,TICK0172,409.7
2026-07-28,TICK0173,237.9
2026-07-28,TICK0174,47.56
2026-07-28,TICK0175,55.61
2026-07-28,TICK0176,281.92
2026-07-28,TICK0177,406.06
2026-07-28,TICK0178,59.03
2026-07-28,TICK0179,153.21
2026-07-28,TICK0180,401.04
2026-07-28,TICK0181,383.05
2026-07-28,TICK0182,323.98
2026-07-28,TICK0183,461.5
2026-07-28,TICK0184,406.58
2026-07-28,TICK0185,256.82
2026-07-28,TICK0186,208.8
2026-07-28,TICK0187,219.67
2026-07-28,TICK0188,458.69
2026-07-28,TICK0189,89.79
2026-07-28,TICK0190,33.01
2026-07-28,TICK0191,135.46
2026-07-28,TICK0192,311.06
2026-07-28,TICK0193,344.09
2026-07-28,TICK0194,562.53
2026-07-28,TICK0195,10.07
2026-07-28,TICK0196,336.83
2026-07-28,TICK0197,222.41
2026-07-28,TICK0198,182.72
2026-07-28,TICK0199,147.86
2026-07-28,TICK0200,438.2
2026-07-29,TICK0001,174.62
2026-07-29,TICK0002,428.45
2026-07-29,TICK0003,409.34
2026-07-29,TICK0004,64.25
2026-07-29,TICK0005,352.95
2026-07-29,TICK0006,58.62
2026-07-29,TICK0007,544.65
2026-07-29,TICK0008,385.1
2026-07-29,TICK0009,216.64
2026-07-29,TICK0010,319.28
2026-07-29,TICK0011,460.6
2026-07-29,TICK0012,407.18
2026-07-29,TICK0013,236.34
2026-07-29,TICK0014,496.25
2026-07-29,TICK0015,432.63
2026-07-29,TICK0016,340.99
2026-07-29,TICK0017,50.51
2026-07-29,TICK0018,241.21
2026-07-29,TICK0019,466.1
2026-07-29,TICK0020,188.59
2026-07-29,TICK0021,272.41
2026-07-29,TICK0022,232.42
2026-07-29,TICK0023,397.97
2026-07-29,TICK0024,188.62
2026-07-29,TICK0025,322.47
2026-07-29,TICK0026,420.74
2026-07-29,TICK0027,448.87
2026-07-29,TICK0028,63.35
2026-07-29,TICK0029,112.62
2026-07-29,TICK0030,524.0
2026-07-29,TICK0031,155.81
2026-07-29,TICK0032,25.22
2026-07-29,TICK0033,413.17
2026-07-29,TICK0034,436.91
2026-07-29,TICK0035,231.15
2026-07-29,TICK0036,442.06
2026-07-29,TICK0037,117.92
2026-07-29,TICK0038,386.11
2026-07-29,TICK0039,464.9
2026-07-29,TICK0040,312.76
2026-07-29,TICK0041,477.13
2026-07-29,TICK0042,474.75
2026-07-29,TICK0043,455.9
2026-07-29,TICK0044,245.81
2026-07-29,TICK0045,17.64
2026-07-29,TICK0046,289.4
2026-07-29,TICK0047,390.51
2026-07-29,TICK0048,409.76
2026-07-29,TICK0049,499.87
2026-07-29,TICK0050,366.47
2026-07-29,TICK0051,206.37
2026-07-29,TICK0052,246.72
2026-07-29,TICK0053,39.82
2026-07-29,TICK0054,364.75
2026-07-29,TICK0055,406.35
2026-07-29,TICK0056,454.77
2026-07-29,TICK0057,380.26
2026-07-29,TICK0058,234.19
2026-07-29,TICK0059,306.03
2026-07-29,TICK0060,323.68
2026-07-29,TICK0061,70.75
2026-07-29,TICK0062,45.71
2026-07-29,TICK0063,270.66
2026-07-29,TICK0064,466.8
2026-07-29,TICK0065,480.3
2026-07-29,TICK0066,37.88
2026-07-29,TICK0067,405.68
2026-07-29,TICK0068,355.78
2026-07-29,TICK0069,71.12
2026-07-29,TICK0070,134.97
2026-07-29,TICK0071,129.58
2026-07-29,TICK0072,330.74
2026-07-29,TICK0073,211.36
2026-07-29,TICK0074,94.67
2026-07-29,TICK0075,205.93
2026-07-29,TICK0076,511.81
2026-07-29,TICK0077,363.11
2026-07-29,TICK0078,133.71
2026-07-29,TICK0079,165.77
2026-07-29,TICK0080,57.55
2026-07-29,TICK0081,362.42
2026-07-29,TICK0082,277.03
2026-07-29,TICK0083,255.77
2026-07-29,TICK0084,86.8
2026-07-29,TICK0085,524.29
2026-07-29,TICK0086,110.97
2026-07-29,TICK0087,172.45
2026-07-29,TICK0088,563.22
2026-07-29,TICK0089,258.39
2026-07-29,TICK0090,278.49
2026-07-29,TICK0091,143.86
2026-07-29,TICK0092,459.94
2026-07-29,TICK0093,116.26
2026-07-29,TICK0094,26.92
2026-07-29,TICK0095,96.31
2026-07-29,TICK0096,46.68
2026-07-29,TICK0097,271.66
2026-07-29,TICK0098,165.87
2026-07-29,TICK0099,86.59
2026-07-29,TICK0100,455.6
2026-07-29,TICK0101,350.01
2026-07-29,TICK0102,255.23
2026-07-29,TICK0103,375.68
2026-07-29,TICK0104,308.84
2026-07-29,TICK0105,342.87
2026-07-29,TICK0106,223.93
2026-07-29,TICK0107,137.03
2026-07-29,TICK0108,481.34
2026-07-29,TICK0109,321.56
2026-07-29,TICK0110,42.16
2026-07-29,TICK0111,444.4
2026-07-29,TICK0112,195.24
2026-07-29,TICK0113,192.83
2026-07-29,TICK0114,207.99
2026-07-29,TICK0115,198.91
2026-07-29,TICK0116,217.55
2026-07-29,TICK0117,232.24
2026-07-29,TICK0118,156.83
2026-07-29,TICK0119,148.11
2026-07-29,TICK0120,486.13
2026-07-29,TICK0121,180.21
2026-07-29,TICK0122,9.69
2026-07-29,TICK0123,155.79
2026-07-29,TICK0124,126.89
2026-07-29,TICK0125,43.39
2026-07-29,TICK0126,417.47
2026-07-29,TICK0127,187.58
2026-07-29,TICK0128,236.38
2026-07-29,TICK0129,112.14
2026-07-29,TICK0130,341.93
2026-07-29,TICK0131,228.93
2026-07-29,TICK0132,17.67
2026-07-29,TICK0133,84.56
2026-07-29,TICK0134,502.96
2026-07-29,TICK0135,329.48
2026-07-29,TICK0136,370.31
2026-07-29,TICK0137,143.46
2026-07-29,TICK0138,355.34
2026-07-29,TICK0139,45.84
2026-07-29,TICK0140,314.15
2026-07-29,TICK0141,14.89
2026-07-29,TICK0142,476.71
2026-07-29,TICK0143,70.83
2026-07-29,TICK0144,286.29
2026-07-29,TICK0145,279.24
2026-07-29,TICK0146,371.15
2026-07-29,TICK0147,500.52
2026-07-29,TICK0148,405.72
2026-07-29,TICK0149,493.14
2026-07-29,TICK0150,279.56
2026-07-29,TICK0151,435.73
2026-07-29,TICK0152,281.07
2026-07-29,TICK0153,125.9
2026-07-29,TICK0154,18.7
2026-07-29,TICK0155,278.6
2026-07-29,TICK0156,208.0
2026-07-29,TICK0157,353.56
2026-07-29,TICK0158,48.46
2026-07-29,TICK0159,276.35
2026-07-29,TICK0160,72.38
2026-07-29,TICK0161,389.52
2026-07-29,TICK0162,326.98
2026-07-29,TICK0163,376.95
2026-07-29,TICK0164,313.13
2026-07-29,TICK0165,416.64
2026-07-29,TICK0166,489.45
2026-07-29,TICK0167,254.7
2026-07-29,TICK0168,379.51
2026-07-29,TICK0169,336.65
2026-07-29,TICK0170,327.99
2026-07-29,TICK0171,336.11
2026-07-29,TICK0172,419.46
2026-07-29,TICK0173,232.21
2026-07-29,TICK0174,46.28
2026-07-29,TICK0175,55.64
2026-07-29,TICK0176,278.97
2026-07-29,TICK0177,414.29
2026-07-29,TICK0178,56.93
2026-07-29,TICK0179,152.27
2026-07-29,TICK0180,398.92
2026-07-29,TICK0181,383.17
2026-07-29,TICK0182,328.41
2026-07-29,TICK0183,470.82
2026-07-29,TICK0184,396.11
2026-07-29,TICK0185,259.29
2026-07-29,TICK0186,209.27
2026-07-29,TICK0187,217.78
2026-07-29,TICK0188,456.82
2026-07-29,TICK0189,92.31
2026-07-29,TICK0190,32.87
2026-07-29,TICK0191,132.66
2026-07-29,TICK0192,314.13
2026-07-29,TICK0193,337.78
2026-07-29,TICK0194,564.66
2026-07-29,TICK0195,9.89
2026-07-29,TICK0196,337.45
2026-07-29,TICK0197,218.88
2026-07-29,TICK0198,189.17
2026-07-29,TICK0199,141.61
2026-07-29,TICK0200,435.78
2026-07-30,TICK0001,174.23
2026-07-30,TICK0002,427.35
2026-07-30,TICK0003,410.5
2026-07-30,TICK0004,63.38
2026-07-30,TICK0005,348.43
2026-07-30,TICK0006,57.88
2026-07-30,TICK0007,544.82
2026-07-30,TICK0008,384.52
2026-07-30,TICK0009,219.64
2026-07-30,TICK0010,316.51
2026-07-30,TICK0011,470.08
2026-07-30,TICK0012,410.3
2026-07-30,TICK0013,233.2
2026-07-30,TICK0014,483.25
2026-07-30,TICK0015,431.48
2026-07-30,TICK0016,345.57
2026-07-30,TICK0017,50.12
2026-07-30,TICK0018,240.52
2026-07-30,TICK0019,468.2
2026-07-30,TICK0020,185.11
2026-07-30,TICK0021,269.12
2026-07-30,TICK0022,225.24
2026-07-30,TICK0023,408.58
2026-07-30,TICK0024,185.89
2026-07-30,TICK0025,319.35
2026-07-30,TICK0026,412.77
2026-07-30,TICK0027,437.12
2026-07-30,TICK0028,63.81
2026-07-30,TICK0029,113.16
2026-07-30,TICK0030,525.57
2026-07-30,TICK0031,155.36
2026-07-30,TICK0032,25.51
2026-07-30,TICK0033,420.0
2026-07-30,TICK0034,443.86
2026-07-30,TICK0035,230.25
2026-07-30,TICK0036,441.23
2026-07-30,TICK0037,116.29
2026-07-30,TICK0038,389.46
2026-07-30,TICK0039,465.44
2026-07-30,TICK0040,306.4
2026-07-30,TICK0041,489.59
2026-07-30,TICK0042,459.51
2026-07-30,TICK0043,456.36
2026-07-30,TICK0044,248.66
2026-07-30,TICK0045,17.85
2026-07-30,TICK0046,290.63
2026-07-30,TICK0047,390.76
2026-07-30,TICK0048,409.93
2026-07-30,TICK0049,509.81
2026-07-30,TICK0050,357.78
2026-07-30,TICK0051,203.24
2026-07-30,TICK0052,243.03
2026-07-30,TICK0053,39.95
2026-07-30,TICK0054,362.89
2026-07-30,TICK0055,399.59
2026-07-30,TICK0056,451.89
2026-07-30,TICK0057,384.0
2026-07-30,TICK0058,231.8
2026-07-30,TICK0059,303.6
2026-07-30,TICK0060,314.6
2026-07-30,TICK0061,70.59
2026-07-30,TICK0062,46.03
2026-07-30,TICK0063,271.7
2026-07-30,TICK0064,465.83
2026-07-30,TICK0065,480.22
2026-07-30,TICK0066,37.61
2026-07-30,TICK0067,417.82
2026-07-30,TICK0068,350.13
2026-07-30,TICK0069,72.78
2026-07-30,TICK0070,137.31
2026-07-30,TICK0071,126.47
2026-07-30,TICK0072,329.9
2026-07-30,TICK0073,200.4
2026-07-30,TICK0074,93.3
2026-07-30,TICK0075,207.64
2026-07-30,TICK0076,505.28
2026-07-30,TICK0077,360.49
2026-07-30,TICK0078,131.44
2026-07-30,TICK0079,169.01
2026-07-30,TICK0080,56.37
2026-07-30,TICK0081,356.42
2026-07-30,TICK0082,275.86
2026-07-30,TICK0083,252.31
2026-07-30,TICK0084,86.89
2026-07-30,TICK0085,536.4
2026-07-30,TICK0086,112.47
2026-07-30,TICK0087,170.39
2026-07-30,TICK0088,570.81
2026-07-30,TICK0089,260.53
2026-07-30,TICK0090,280.55
2026-07-30,TICK0091,147.43
2026-07-30,TICK0092,452.46
2026-07-30,TICK0093,115.82
2026-07-30,TICK0094,27.06
2026-07-30,TICK0095,97.83
2026-07-30,TICK0096,46.51
2026-07-30,TICK0097,274.09
2026-07-30,TICK0098,165.99
2026-07-30,TICK0099,86.15
2026-07-30,TICK0100,460.88
2026-07-30,TICK0101,347.35
2026-07-30,TICK0102,255.7
2026-07-30,TICK0103,374.59
2026-07-30,TICK0104,306.47
2026-07-30,TICK0105,338.83
2026-07-30,TICK0106,226.39
2026-07-30,TICK0107,138.5
2026-07-30,TICK0108,471.75
2026-07-30,TICK0109,316.23
2026-07-30,TICK0110,41.29
2026-07-30,TICK0111,434.82
2026-07-30,TICK0112,193.64
2026-07-30,TICK0113,194.34
2026-07-30,TICK0114,209.36
2026-07-30,TICK0115,206.23
2026-07-30,TICK0116,214.12
2026-07-30,TICK0117,226.39
2026-07-30,TICK0118,156.43
2026-07-30,TICK0119,147.32
2026-07-30,TICK0120,496.09
2026-07-30,TICK0121,181.92
2026-07-30,TICK0122,9.88
2026-07-30,TICK0123,155.98
2026-07-30,TICK0124,127.84
2026-07-30,TICK0125,42.49
2026-07-30,TICK0126,422.88
2026-07-30,TICK0127,190.29
2026-07-30,TICK0128,233.47
2026-07-30,TICK0129,112.76
2026-07-30,TICK0130,339.03
2026-07-30,TICK0131,232.91
2026-07-30,TICK0132,17.71
2026-07-30,TICK0133,83.79
2026-07-30,TICK0134,515.55
2026-07-30,TICK0135,326.56
2026-07-30,TICK0136,361.69
2026-07-30,TICK0137,143.4
2026-07-30,TICK0138,360.93
2026-07-30,TICK0139,45.43
2026-07-30,TICK0140,319.53
2026-07-30,TICK0141,14.7
2026-07-30,TICK0142,478.06
2026-07-30,TICK0143,70.17
2026-07-30,TICK0144,289.26
2026-07-30,TICK0145,284.5
2026-07-30,TICK0146,373.52
2026-07-30,TICK0147,506.59
2026-07-30,TICK0148,402.33
2026-07-30,TICK0149,483.04
2026-07-30,TICK0150,286.86
2026-07-30,TICK0151,434.95
2026-07-30,TICK0152,278.18
2026-07-30,TICK0153,123.7
2026-07-30,TICK0154,18.62
2026-07-30,TICK0155,281.32
2026-07-30,TICK0156,203.06
2026-07-30,TICK0157,345.95
2026-07-30,TICK0158,48.09
2026-07-30,TICK0159,269.41
2026-07-30,TICK0160,73.93
2026-07-30,TICK0161,386.94
2026-07-30,TICK0162,331.39
2026-07-30,TICK0163,378.63
2026-07-30,TICK0164,309.38
2026-07-30,TICK0165,422.28
2026-07-30,TICK0166,490.13
2026-07-30,TICK0167,260.22
2026-07-30,TICK0168,385.12
2026-07-30,TICK0169,334.96
2026-07-30,TICK0170,330.55
2026-07-30,TICK0171,332.4
2026-07-30,TICK0172,422.41
2026-07-30,TICK0173,229.82
2026-07-30,TICK0174,46.1
2026-07-30,TICK0175,54.92
2026-07-30,TICK0176,281.73
2026-07-30,TICK0177,420.64
2026-07-30,TICK0178,57.58
2026-07-30,TICK0179,152.56
2026-07-30,TICK0180,389.0
2026-07-30,TICK0181,378.63
2026-07-30,TICK0182,328.66
2026-07-30,TICK0183,475.02
2026-07-30,TICK0184,404.12
2026-07-30,TICK0185,258.12
2026-07-30,TICK0186,209.14
2026-07-30,TICK0187,217.22
2026-07-30,TICK0188,456.18
2026-07-30,TICK0189,91.02
2026-07-30,TICK0190,32.57
2026-07-30,TICK0191,129.81
2026-07-30,TICK0192,314.58
2026-07-30,TICK0193,335.68
2026-07-30,TICK0194,568.89
2026-07-30,TICK0195,9.92
2026-07-30,TICK0196,335.41
2026-07-30,TICK0197,223.2
2026-07-30,TICK0198,186.76
2026-07-30,TICK0199,144.1
2026-07-30,TICK0200,427.23
2026-07-31,TICK0001,172.87
2026-07-31,TICK0002,420.34
2026-07-31,TICK0003,408.68
2026-07-31,TICK0004,64.73
2026-07-31,TICK0005,351.73
2026-07-31,TICK0006,56.96
2026-07-31,TICK0007,555.8
2026-07-31,TICK0008,387.51
2026-07-31,TICK0009,219.01
2026-07-31,TICK0010,319.17
2026-07-31,TICK0011,467.11
2026-07-31,TICK0012,419.31
2026-07-31,TICK0013,232.86
2026-07-31,TICK0014,474.77
2026-07-31,TICK0015,431.93
2026-07-31,TICK0016,345.6
2026-07-31,TICK0017,50.53
2026-07-31,TICK0018,241.91
2026-07-31,TICK0019,469.45
2026-07-31,TICK0020,180.2
2026-07-31,TICK0021,263.11
2026-07-31,TICK0022,224.12
2026-07-31,TICK0023,401.05
2026-07-31,TICK0024,187.07
2026-07-31,TICK0025,311.32
2026-07-31,TICK0026,406.16
2026-07-31,TICK0027,431.49
2026-07-31,TICK0028,63.3
2026-07-31,TICK0029,114.77
2026-07-31,TICK0030,522.16
2026-07-31,TICK0031,153.74
2026-07-31,TICK0032,25.82
2026-07-31,TICK0033,420.81
2026-07-31,TICK0034,455.17
2026-07-31,TICK0035,223.06
2026-07-31,TICK0036,448.65
2026-07-31,TICK0037,118.14
2026-07-31,TICK0038,393.01
2026-07-31,TICK0039,468.83
2026-07-31,TICK0040,306.05
2026-07-31,TICK0041,490.39
2026-07-31,TICK0042,462.28
2026-07-31,TICK0043,444.12
2026-07-31,TICK0044,246.56
2026-07-31,TICK0045,17.68
2026-07-31,TICK0046,297.35
2026-07-31,TICK0047,390.29
2026-07-31,TICK0048,405.19
2026-07-31,TICK0049,518.44
2026-07-31,TICK0050,360.6
2026-07-31,TICK0051,204.03
2026-07-31,TICK0052,245.34
2026-07-31,TICK0053,40.18
2026-07-31,TICK0054,364.8
2026-07-31,TICK0055,397.26
2026-07-31,TICK0056,455.46
2026-07-31,TICK0057,387.84
2026-07-31,TICK0058,226.96
2026-07-31,TICK0059,304.32
2026-07-31,TICK0060,312.08
2026-07-31,TICK0061,69.11
2026-07-31,TICK0062,44.95
2026-07-31,TICK0063,272.83
2026-07-31,TICK0064,464.57
2026-07-31,TICK0065,468.5
2026-07-31,TICK0066,38.08
2026-07-31,TICK0067,427.74
2026-07-31,TICK0068,342.04
2026-07-31,TICK0069,72.54
2026-07-31,TICK0070,140.59
2026-07-31,TICK0071,125.13
2026-07-31,TICK0072,326.76
2026-07-31,TICK0073,201.67
2026-07-31,TICK0074,92.66
2026-07-31,TICK0075,203.63
2026-07-31,TICK0076,510.64
2026-07-31,TICK0077,358.97
2026-07-31,TICK0078,133.08
2026-07-31,TICK0079,171.1
2026-07-31,TICK0080,56.64
2026-07-31,TICK0081,357.02
2026-07-31,TICK0082,279.95
2026-07-31,TICK0083,251.09
2026-07-31,TICK0084,88.02
2026-07-31,TICK0085,530.71
2026-07-31,TICK0086,112.78
2026-07-31,TICK0087,171.37
2026-07-31,TICK0088,565.85
2026-07-31,TICK0089,261.17
2026-07-31,TICK0090,284.29
2026-07-31,TICK0091,149.95
2026-07-31,TICK0092,448.56
2026-07-31,TICK0093,117.29
2026-07-31,TICK0094,26.45
2026-07-31,TICK0095,96.25
2026-07-31,TICK0096,46.77
2026-07-31,TICK0097,273.87
2026-07-31,TICK0098,159.83
2026-07-31,TICK0099,84.62
2026-07-31,TICK0100,460.32
2026-07-31,TICK0101,345.55
2026-07-31,TICK0102,260.84
2026-07-31,TICK0103,378.06
2026-07-31,TICK0104,303.15
2026-07-31,TICK0105,342.09
2026-07-31,TICK0106,223.33
2026-07-31,TICK0107,140.68
2026-07-31,TICK0108,462.18
2026-07-31,TICK0109,325.75
2026-07-31,TICK0110,41.61
2026-07-31,TICK0111,437.04
2026-07-31,TICK0112,185.17
2026-07-31,TICK0113,191.71
2026-07-31,TICK0114,213.42
2026-07-31,TICK0115,205.04
2026-07-31,TICK0116,220.99
2026-07-31,TICK0117,228.34
2026-07-31,TICK0118,154.14
2026-07-31,TICK0119,146.9
2026-07-31,TICK0120,499.34
2026-07-31,TICK0121,178.11
2026-07-31,TICK0122,9.98
2026-07-31,TICK0123,154.52
2026-07-31,TICK0124,130.14
2026-07-31,TICK0125,42.16
2026-07-31,TICK0126,427.36
2026-07-31,TICK0127,187.43
2026-07-31,TICK0128,241.16
2026-07-31,TICK0129,110.39
2026-07-31,TICK0130,336.66
2026-07-31,TICK0131,229.67
2026-07-31,TICK0132,17.61
2026-07-31,TICK0133,82.57
2026-07-31,TICK0134,513.78
2026-07-31,TICK0135,324.7
2026-07-31,TICK0136,345.44
2026-07-31,TICK0137,143.95
2026-07-31,TICK0138,356.48
2026-07-31,TICK0139,45.53
2026-07-31,TICK0140,320.33
2026-07-31,TICK0141,14.46
2026-07-31,TICK0142,473.37
2026-07-31,TICK0143,71.0
2026-07-31,TICK0144,280.92
2026-07-31,TICK0145,287.58
2026-07-31,TICK0146,372.4
2026-07-31,TICK0147,505.3
2026-07-31,TICK0148,407.56
2026-07-31,TICK0149,481.71
2026-07-31,TICK0150,283.09
2026-07-31,TICK0151,449.49
2026-07-31,TICK0152,273.91
2026-07-31,TICK0153,127.2
2026-07-31,TICK0154,18.67
2026-07-31,TICK0155,285.92
2026-07-31,TICK0156,200.85
2026-07-31,TICK0157,347.3
2026-07-31,TICK0158,50.32
2026-07-31,TICK0159,269.45
2026-07-31,TICK0160,74.44
2026-07-31,TICK0161,395.89
2026-07-31,TICK0162,332.88
2026-07-31,TICK0163,375.56
2026-07-31,TICK0164,313.28
2026-07-31,TICK0165,432.42
2026-07-31,TICK0166,493.17
2026-07-31,TICK0167,262.55
2026-07-31,TICK0168,382.29
2026-07-31,TICK0169,336.35
2026-07-31,TICK0170,325.38
2026-07-31,TICK0171,334.76
2026-07-31,TICK0172,413.02
2026-07-31,TICK0173,223.61
2026-07-31,TICK0174,46.08
2026-07-31,TICK0175,54.6
2026-07-31,TICK0176,280.17
2026-07-31,TICK0177,411.82
2026-07-31,TICK0178,57.7
2026-07-31,TICK0179,153.6
2026-07-31,TICK0180,400.96
2026-07-31,TICK0181,380.39
2026-07-31,TICK0182,331.98
2026-07-31,TICK0183,472.84
2026-07-31,TICK0184,419.34
2026-07-31,TICK0185,257.55
2026-07-31,TICK0186,208.73
2026-07-31,TICK0187,214.88
2026-07-31,TICK0188,477.47
2026-07-31,TICK0189,88.63
2026-07-31,TICK0190,33.18
2026-07-31,TICK0191,131.98
2026-07-31,TICK0192,306.37
2026-07-31,TICK0193,336.43
2026-07-31,TICK0194,560.49
2026-07-31,TICK0195,9.95
2026-07-31,TICK0196,335.48
2026-07-31,TICK0197,225.72
2026-07-31,TICK0198,188.3
2026-07-31,TICK0199,139.51
2026-07-31,TICK0200,429.48
2026-08-03,TICK0001,172.89
2026-08-03,TICK0002,412.88
2026-08-03,TICK0003,412.89
2026-08-03,TICK0004,63.38
2026-08-03,TICK0005,358.22
2026-08-03,TICK0006,57.39
2026-08-03,TICK0007,564.15
2026-08-03,TICK0008,392.62
2026-08-03,TICK0009,219.26
2026-08-03,TICK0010,318.27
2026-08-03,TICK0011,468.64
2026-08-03,TICK0012,425.43
2026-08-03,TICK0013,232.72
2026-08-03,TICK0014,460.35
2026-08-03,TICK0015,417.23
2026-08-03,TICK0016,353.34
2026-08-03,TICK0017,50.7
2026-08-03,TICK0018,239.76
2026-08-03,TICK0019,473.55
2026-08-03,TICK0020,184.28
2026-08-03,TICK0021,262.14
2026-08-03,TICK0022,222.92
2026-08-03,TICK0023,396.22
2026-08-03,TICK0024,182.33
2026-08-03,TICK0025,315.99
2026-08-03,TICK0026,412.65
2026-08-03,TICK0027,436.71
2026-08-03,TICK0028,63.91
2026-08-03,TICK0029,115.52
2026-08-03,TICK0030,523.78
2026-08-03,TICK0031,152.22
2026-08-03,TICK0032,25.99
2026-08-03,TICK0033,426.89
2026-08-03,TICK0034,452.12
2026-08-03,TICK0035,223.96
2026-08-03,TICK0036,441.74
2026-08-03,TICK0037,119.17
2026-08-03,TICK0038,398.12
2026-08-03,TICK0039,469.9
2026-08-03,TICK0040,317.96
2026-08-03,TICK0041,485.48
2026-08-03,TICK0042,479.66
2026-08-03,TICK0043,439.9
2026-08-03,TICK0044,237.02
2026-08-03,TICK0045,17.73
2026-08-03,TICK0046,299.67
2026-08-03,TICK0047,389.86
2026-08-03,TICK0048,409.21
2026-08-03,TICK0049,513.5
2026-08-03,TICK0050,357.79
2026-08-03,TICK0051,204.34
2026-08-03,TICK0052,252.96
2026-08-03,TICK0053,41.01
2026-08-03,TICK0054,363.26
2026-08-03,TICK0055,400.47
2026-08-03,TICK0056,453.78
2026-08-03,TICK0057,403.55
2026-08-03,TICK0058,226.72
2026-08-03,TICK0059,301.57
2026-08-03,TICK0060,312.58
2026-08-03,TICK0061,70.38
2026-08-03,TICK0062,44.2
2026-08-03,TICK0063,280.13
2026-08-03,TICK0064,472.56
2026-08-03,TICK0065,457.13
2026-08-03,TICK0066,37.53
2026-08-03,TICK0067,419.3
2026-08-03,TICK0068,346.31
2026-08-03,TICK0069,72.76
2026-08-03,TICK0070,138.48
2026-08-03,TICK0071,125.45
2026-08-03,TICK0072,333.3
2026-08-03,TICK0073,197.7
2026-08-03,TICK0074,93.33
2026-08-03,TICK0075,199.94
2026-08-03,TICK0076,507.74
2026-08-03,TICK0077,356.2
2026-08-03,TICK0078,136.17
2026-08-03,TICK0079,168.63
2026-08-03,TICK0080,57.27
2026-08-03,TICK0081,348.21
2026-08-03,TICK0082,283.87
2026-08-03,TICK0083,248.16
2026-08-03,TICK0084,85.07
2026-08-03,TICK0085,535.03
2026-08-03,TICK0086,113.74
2026-08-03,TICK0087,172.21
2026-08-03,TICK0088,567.01
2026-08-03,TICK0089,264.22
2026-08-03,TICK0090,281.58
2026-08-03,TICK0091,151.52
2026-08-03,TICK0092,443.01
2026-08-03,TICK0093,117.26
2026-08-03,TICK0094,26.75
2026-08-03,TICK0095,94.43
2026-08-03,TICK0096,46.38
2026-08-03,TICK0097,275.78
2026-08-03,TICK0098,158.28
2026-08-03,TICK0099,84.27
2026-08-03,TICK0100,463.31
2026-08-03,TICK0101,345.19
2026-08-03,TICK0102,262.12
2026-08-03,TICK0103,384.46
2026-08-03,TICK0104,306.49
2026-08-03,TICK0105,340.93
2026-08-03,TICK0106,227.91
2026-08-03,TICK0107,142.44
2026-08-03,TICK0108,461.24
2026-08-03,TICK0109,322.0
2026-08-03,TICK0110,42.55
2026-08-03,TICK0111,445.04
2026-08-03,TICK0112,190.91
2026-08-03,TICK0113,195.01
2026-08-03,TICK0114,206.36
2026-08-03,TICK0115,203.2
2026-08-03,TICK0116,225.44
2026-08-03,TICK0117,229.02
2026-08-03,TICK0118,154.09
2026-08-03,TICK0119,150.91
2026-08-03,TICK0120,499.74
2026-08-03,TICK0121,177.06
2026-08-03,TICK0122,9.9
2026-08-03,TICK0123,152.48
2026-08-03,TICK0124,131.1
2026-08-03,TICK0125,42.0
2026-08-03,TICK0126,431.18
2026-08-03,TICK0127,189.85
2026-08-03,TICK0128,243.28
2026-08-03,TICK0129,110.56
2026-08-03,TICK0130,340.24
2026-08-03,TICK0131,229.84
2026-08-03,TICK0132,17.09
2026-08-03,TICK0133,81.24
2026-08-03,TICK0134,513.9
2026-08-03,TICK0135,321.26
2026-08-03,TICK0136,348.47
2026-08-03,TICK0137,140.7
2026-08-03,TICK0138,364.16
2026-08-03,TICK0139,45.09
2026-08-03,TICK0140,318.78
2026-08-03,TICK0141,14.44
2026-08-03,TICK0142,474.87
2026-08-03,TICK0143,70.95
2026-08-03,TICK0144,277.77
2026-08-03,TICK0145,291.86
2026-08-03,TICK0146,374.59
2026-08-03,TICK0147,506.45
2026-08-03,TICK0148,400.13
2026-08-03,TICK0149,477.39
2026-08-03,TICK0150,286.43
2026-08-03,TICK0151,453.33
2026-08-03,TICK0152,276.69
2026-08-03,TICK0153,129.09
2026-08-03,TICK0154,18.37
2026-08-03,TICK0155,284.57
2026-08-03,TICK0156,202.86
2026-08-03,TICK0157,355.72
2026-08-03,TICK0158,51.35
2026-08-03,TICK0159,266.84
2026-08-03,TICK0160,73.9
2026-08-03,TICK0161,398.14
2026-08-03,TICK0162,332.21
2026-08-03,TICK0163,375.75
2026-08-03,TICK0164,318.38
2026-08-03,TICK0165,436.74
2026-08-03,TICK0166,494.76
2026-08-03,TICK0167,260.82
2026-08-03,TICK0168,381.51
2026-08-03,TICK0169,335.64
2026-08-03,TICK0170,324.19
2026-08-03,TICK0171,336.28
2026-08-03,TICK0172,407.41
2026-08-03,TICK0173,225.46
2026-08-03,TICK0174,46.17
2026-08-03,TICK0175,53.76
2026-08-03,TICK0176,271.92
2026-08-03,TICK0177,418.61
2026-08-03,TICK0178,58.09
2026-08-03,TICK0179,152.67
2026-08-03,TICK0180,403.86
2026-08-03,TICK0181,373.2
2026-08-03,TICK0182,340.84
2026-08-03,TICK0183,476.79
2026-08-03,TICK0184,419.71
2026-08-03,TICK0185,257.5
2026-08-03,TICK0186,208.91
2026-08-03,TICK0187,221.29
2026-08-03,TICK0188,475.72
2026-08-03,TICK0189,89.03
2026-08-03,TICK0190,33.8
2026-08-03,TICK0191,131.25
2026-08-03,TICK0192,302.48
2026-08-03,TICK0193,333.22
2026-08-03,TICK0194,574.25
2026-08-03,TICK0195,10.24
2026-08-03,TICK0196,343.27
2026-08-03,TICK0197,230.1
2026-08-03,TICK0198,186.28
2026-08-03,TICK0199,139.23
2026-08-03,TICK0200,427.87
